requested_model,return_code,status,benchmark_elapsed_s,model,feature_set,features_json,n_features,n_qubits,scaler,simulator,kernel,entanglement,reps,C,class_weight,backend,shots,trial,random_state,test_size,max_samples,split_sha256,feature_map_fingerprint,encoding,feature_map_depth_pretranspile,feature_map_size_pretranspile,optimization_level,transpiler_seed,max_circuits_per_job,samples,train_samples,test_samples,train_balanced_accuracy,test_accuracy,test_balanced_accuracy,test_f1_macro,diagnosis,train_test_gap,cv_balanced_accuracy_mean,cv_balanced_accuracy_std,fidelity_circuit_count,runtime_job_count,time_preprocess_train_wall_s,time_preprocess_test_wall_s,time_kernel_train_wall_s,time_kernel_test_wall_s,time_kernel_total_wall_s,time_model_fit_wall_s,time_predict_train_wall_s,time_predict_test_wall_s,time_quantum_execution_s,time_transpile_wall_s,time_job_wait_wall_s,time_end_to_end_test_wall_s,time_cv_wall_s,time_kernel_train_time_s,time_kernel_test_time_s,time_kernel_total_time_s,time_precomputed_svc_time_s,time_total_test_pipeline_s,time_cv_time_s,preprocessing_time_s,kernel_time_s,training_time_s,prediction_time_s,quantum_time_s,transpilation_time_s,queue_time_s,job_wait_time_s,end_to_end_test_time_s,train_transpiled_depth_mean,train_transpiled_2q_mean
qsvm,0,ok,1.2600305189998835,QSVM_IDEAL,md3,"[""feature_md_window_c_surface_distance_mean_a"", ""feature_md_window_c_surface_distance_std_a"", ""feature_md_window_mean_oco_angle_deg""]",3,12,power_minmax,reference,,linear,1,1.0,balanced,,,,42,0.25,30,baad28f749d8f3c68d00838a02f96029fea3258f90b6130ebff83bfa7070086c,d52e3ce62712c003f5767ea351a329dbb93ebee8126bde6e81effee1f950f1fb,custom_multiqubit_zz_reupload,35,57,,,,30,22,8,1.0,0.625,0.611111111111111,0.611111111111111,possible_overfitting,0.38888888888888895,,,,,0.002497962999768788,0.00024751099954301026,0.08728271699965262,0.06127151300006517,0.1485542299997178,0.001055151000400656,0.00012892999984615017,8.242199965025065e-05,,,,0.1524372769990805,,0.08728271699965262,0.06127151300006517,0.1485542299997178,0.0012665029998970567,0.14982073299961485,,0.0027454739993117983,0.1485542299997178,0.001055151000400656,8.242199965025065e-05,,,,,0.1524372769990805,,
qsvm,0,ok,1.28583659800006,QSVM_IDEAL,md3,"[""feature_md_window_c_surface_distance_mean_a"", ""feature_md_window_c_surface_distance_std_a"", ""feature_md_window_mean_oco_angle_deg""]",3,12,power_minmax,reference,,linear,1,1.0,balanced,,,,7,0.25,30,aad4ffe38db46ce6dc074b883eb2cc808ecd4ef7593162f429a2a4626cb34b73,d52e3ce62712c003f5767ea351a329dbb93ebee8126bde6e81effee1f950f1fb,custom_multiqubit_zz_reupload,35,57,,,,30,22,8,1.0,0.75,0.7222222222222222,0.7388888888888889,possible_overfitting,0.2777777777777778,,,,,0.0024458349998894846,0.00021265600025799358,0.09599868300028902,0.06095143400034431,0.15695011700063333,0.0015614289995937725,0.00022589400032302365,0.00014777699925616616,,,,0.16131781399963074,,0.09599868300028902,0.06095143400034431,0.15695011700063333,0.0019350999991729623,0.1588852169998063,,0.002658491000147478,0.15695011700063333,0.0015614289995937725,0.00014777699925616616,,,,,0.16131781399963074,,
qsvm,0,ok,1.185162506000779,QSVM_IDEAL,md3,"[""feature_md_window_c_surface_distance_mean_a"", ""feature_md_window_c_surface_distance_std_a"", ""feature_md_window_mean_oco_angle_deg""]",3,12,power_minmax,reference,,linear,1,1.0,balanced,,,,21,0.25,30,3b63a8a6ddc32da7be7ddd9413fc4c1e2ce882d5418d6ba36afa59f05dfd8319,d52e3ce62712c003f5767ea351a329dbb93ebee8126bde6e81effee1f950f1fb,custom_multiqubit_zz_reupload,35,57,,,,30,22,8,1.0,0.875,0.8888888888888888,0.8857142857142857,possible_overfitting,0.11111111111111116,,,,,0.002438742999402166,0.00024742999994487036,0.0760524120005357,0.047453903000132414,0.12350631500066811,0.0008853990002535284,0.00012263200005691033,8.068999977695057e-05,,,,0.12715857700004563,,0.0760524120005357,0.047453903000132414,0.12350631500066811,0.0010887210000873893,0.1245950360007555,,0.0026861729993470362,0.12350631500066811,0.0008853990002535284,8.068999977695057e-05,,,,,0.12715857700004563,,
qsvm,0,ok,1.068269766999947,QSVM_IDEAL,md3,"[""feature_md_window_c_surface_distance_mean_a"", ""feature_md_window_c_surface_distance_std_a"", ""feature_md_window_mean_oco_angle_deg""]",3,12,power_minmax,reference,,linear,1,1.0,balanced,,,,84,0.25,30,7593f2f6871f1381833e1f743131b1a6a37bc7171adf020b9ce9e7a70db18ee6,d52e3ce62712c003f5767ea351a329dbb93ebee8126bde6e81effee1f950f1fb,custom_multiqubit_zz_reupload,35,57,,,,30,22,8,1.0,0.5,0.5555555555555555,0.4904761904761905,possible_overfitting,0.44444444444444453,,,,,0.002107377999891469,0.00021637200006807689,0.07694852100030403,0.05532941299952654,0.13227793399983057,0.0014970199999879696,0.0001571100001456216,8.815199998934986e-05,,,,0.13618685599976743,,0.07694852100030403,0.05532941299952654,0.13227793399983057,0.001742282000122941,0.1340202159999535,,0.0023237499999595457,0.13227793399983057,0.0014970199999879696,8.815199998934986e-05,,,,,0.13618685599976743,,
qsvm,0,ok,1.088031809000313,QSVM_IDEAL,md3,"[""feature_md_window_c_surface_distance_mean_a"", ""feature_md_window_c_surface_distance_std_a"", ""feature_md_window_mean_oco_angle_deg""]",3,12,power_minmax,reference,,linear,1,1.0,balanced,,,,123,0.25,30,7679b80d72fb1b18a2dfbdbd4764ab6bd86fc8dd8b47f34ea0bcbdda1a0f4ba9,d52e3ce62712c003f5767ea351a329dbb93ebee8126bde6e81effee1f950f1fb,custom_multiqubit_zz_reupload,35,57,,,,30,22,8,1.0,0.75,0.7222222222222222,0.7388888888888889,possible_overfitting,0.2777777777777778,,,,,0.0023294070006159018,0.00021149699932720978,0.061706858000434295,0.043714162000469514,0.10542102000090381,0.0009102960002564942,0.00011772600009862799,8.866600001056213e-05,,,,0.10896088600111398,,0.061706858000434295,0.043714162000469514,0.10542102000090381,0.0011166880003656843,0.1065377080012695,,0.0025409039999431116,0.10542102000090381,0.0009102960002564942,8.866600001056213e-05,,,,,0.10896088600111398,,
qsvm,0,ok,1.266562795000027,QSVM_IDEAL,md3,"[""feature_md_window_c_surface_distance_mean_a"", ""feature_md_window_c_surface_distance_std_a"", ""feature_md_window_mean_oco_angle_deg""]",3,12,power_minmax,reference,,linear,2,1.0,balanced,,,,42,0.25,30,baad28f749d8f3c68d00838a02f96029fea3258f90b6130ebff83bfa7070086c,c6f5ef309d4dbac29f31d4f98e73253c976183066f0de4a5aa2ce92222a2f1cb,custom_multiqubit_zz_reupload,70,114,,,,30,22,8,1.0,0.625,0.611111111111111,0.611111111111111,possible_overfitting,0.38888888888888895,,,,,0.002877343999898585,0.00023937200057844166,0.10021066599983897,0.1100614389997645,0.21027210499960347,0.0010179200007769396,0.00013640399993164465,8.441699992545182e-05,,,,0.2144911580007829,,0.10021066599983897,0.1100614389997645,0.21027210499960347,0.001238741000634036,0.2115108460002375,,0.0031167160004770267,0.21027210499960347,0.0010179200007769396,8.441699992545182e-05,,,,,0.2144911580007829,,
qsvm,0,ok,1.2293615150001642,QSVM_IDEAL,md3,"[""feature_md_window_c_surface_distance_mean_a"", ""feature_md_window_c_surface_distance_std_a"", ""feature_md_window_mean_oco_angle_deg""]",3,12,power_minmax,reference,,linear,2,1.0,balanced,,,,7,0.25,30,aad4ffe38db46ce6dc074b883eb2cc808ecd4ef7593162f429a2a4626cb34b73,c6f5ef309d4dbac29f31d4f98e73253c976183066f0de4a5aa2ce92222a2f1cb,custom_multiqubit_zz_reupload,70,114,,,,30,22,8,1.0,0.875,0.8333333333333334,0.8412698412698413,possible_overfitting,0.16666666666666663,,,,,0.02954317599960632,0.00037354399955802364,0.09130770299998403,0.10216507899986027,0.1934727819998443,0.0009581090007486637,0.00013404499986791052,8.351799988304265e-05,,,,0.22443112899964035,,0.09130770299998403,0.10216507899986027,0.1934727819998443,0.0011756720004996168,0.19464845400034392,,0.029916719999164343,0.1934727819998443,0.0009581090007486637,8.351799988304265e-05,,,,,0.22443112899964035,,
qsvm,0,ok,1.1125673010001265,QSVM_IDEAL,md3,"[""feature_md_window_c_surface_distance_mean_a"", ""feature_md_window_c_surface_distance_std_a"", ""feature_md_window_mean_oco_angle_deg""]",3,12,power_minmax,reference,,linear,2,1.0,balanced,,,,21,0.25,30,3b63a8a6ddc32da7be7ddd9413fc4c1e2ce882d5418d6ba36afa59f05dfd8319,c6f5ef309d4dbac29f31d4f98e73253c976183066f0de4a5aa2ce92222a2f1cb,custom_multiqubit_zz_reupload,70,114,,,,30,22,8,1.0,0.875,0.8888888888888888,0.8857142857142857,possible_overfitting,0.11111111111111116,,,,,0.0029938119996586465,0.0003663650004455121,0.07945537700015848,0.08368392600004881,0.1631393030002073,0.0008796729998721275,0.00014123000073595904,8.231799984059762e-05,,,,0.16746147100002418,,0.07945537700015848,0.08368392600004881,0.1631393030002073,0.0011032210004486842,0.16424252400065598,,0.0033601770001041587,0.1631393030002073,0.0008796729998721275,8.231799984059762e-05,,,,,0.16746147100002418,,
qsvm,0,ok,1.2136533559996678,QSVM_IDEAL,md3,"[""feature_md_window_c_surface_distance_mean_a"", ""feature_md_window_c_surface_distance_std_a"", ""feature_md_window_mean_oco_angle_deg""]",3,12,power_minmax,reference,,linear,2,1.0,balanced,,,,84,0.25,30,7593f2f6871f1381833e1f743131b1a6a37bc7171adf020b9ce9e7a70db18ee6,c6f5ef309d4dbac29f31d4f98e73253c976183066f0de4a5aa2ce92222a2f1cb,custom_multiqubit_zz_reupload,70,114,,,,30,22,8,1.0,0.75,0.7777777777777777,0.719047619047619,possible_overfitting,0.22222222222222232,,,,,0.02868368399958854,0.00024868199943739455,0.08414385200012475,0.09958720600025117,0.18373105800037592,0.000926421000258415,0.00013148200014256872,8.329899992531864e-05,,,,0.2136731439995856,,0.08414385200012475,0.09958720600025117,0.18373105800037592,0.0011412020003263024,0.18487226000070223,,0.028932365999025933,0.18373105800037592,0.000926421000258415,8.329899992531864e-05,,,,,0.2136731439995856,,
qsvm,0,ok,1.1005582919997323,QSVM_IDEAL,md3,"[""feature_md_window_c_surface_distance_mean_a"", ""feature_md_window_c_surface_distance_std_a"", ""feature_md_window_mean_oco_angle_deg""]",3,12,power_minmax,reference,,linear,2,1.0,balanced,,,,123,0.25,30,7679b80d72fb1b18a2dfbdbd4764ab6bd86fc8dd8b47f34ea0bcbdda1a0f4ba9,c6f5ef309d4dbac29f31d4f98e73253c976183066f0de4a5aa2ce92222a2f1cb,custom_multiqubit_zz_reupload,70,114,,,,30,22,8,1.0,0.625,0.611111111111111,0.611111111111111,possible_overfitting,0.38888888888888895,,,,,0.029387212000074214,0.00033589899976504967,0.06250268300027528,0.08250191800016182,0.1450046010004371,0.0008927130002120975,0.00012747700020554475,8.345500009454554e-05,,,,0.175703880000583,,0.06250268300027528,0.08250191800016182,0.1450046010004371,0.0011036450005121878,0.1461082460009493,,0.029723110999839264,0.1450046010004371,0.0008927130002120975,8.345500009454554e-05,,,,,0.175703880000583,,
