row_id,true_label,pred_label
309,2,2
230,2,2
503,0,0
417,0,1
706,1,1
725,1,1
786,1,1
179,2,2
305,2,2
192,2,2
43,2,2
577,0,1
499,0,1
739,1,1
761,1,1
427,0,1
37,2,2
60,2,2
587,0,1
621,0,0
360,0,0
724,1,1
543,0,0
475,0,0
310,2,2
173,2,2
902,1,1
540,0,0
882,1,1
677,1,1
409,0,1
702,1,1
385,0,0
74,2,2
76,2,1
77,2,2
453,0,0
152,2,2
685,1,1
93,2,2
405,0,0
789,1,1
72,2,2
894,1,1
393,0,0
63,2,2
816,1,1
481,0,0
636,0,0
791,1,1
115,2,2
828,1,1
783,1,1
112,2,2
519,0,1
413,0,0
634,0,0
474,0,0
846,1,1
159,2,2
567,0,1
54,2,2
90,2,2
7,2,2
232,2,2
460,0,0
801,1,1
930,1,1
23,2,2
749,1,1
523,0,0
631,0,0
79,2,2
17,2,2
628,0,0
619,0,1
326,0,0
887,1,1
750,1,1
442,0,0
165,2,2
27,2,2
81,2,2
379,0,1
855,1,1
626,0,0
537,0,1
731,1,1
883,1,1
514,0,0
934,1,1
146,2,1
264,2,2
241,2,2
573,0,0
308,2,2
48,2,2
928,1,1
226,2,1
629,0,1
435,0,0
473,0,0
653,1,1
400,0,0
955,1,1
513,0,0
937,1,1
574,0,0
874,1,1
667,1,1
218,2,2
516,0,0
268,2,2
489,0,1
598,0,0
70,2,2
798,1,1
528,0,0
275,2,2
647,1,1
61,2,2
858,1,1
790,1,1
82,2,2
487,0,1
633,0,0
261,2,2
875,1,1
98,2,2
572,0,0
947,1,1
881,1,1
454,0,0
469,0,1
140,2,2
918,1,1
224,2,2
548,0,0
682,1,1
376,0,0
534,0,0
199,2,2
792,1,1
737,1,1
457,0,1
794,1,1
686,1,1
3,2,2
8,2,2
500,0,0
313,2,2
293,2,2
585,0,0
931,1,1
30,2,2
86,2,1
584,0,0
545,0,0
124,2,2
800,1,1
707,1,1
493,0,0
951,1,1
441,0,0
673,1,1
765,1,1
701,1,1
167,2,2
779,1,1
117,2,2
75,2,2
670,1,1
838,1,1
753,1,1
953,1,1
465,0,0
318,2,2
695,1,1
187,2,2
486,0,0
704,1,1
210,2,2
141,2,2
205,2,2
238,2,2
665,1,1
919,1,1
614,0,0
541,0,0
824,1,1
222,2,2
734,1,1
512,0,0
936,1,1
386,0,0
317,2,2
286,2,1
153,2,2
655,1,1
145,2,2
690,1,1
365,0,0
630,0,0
494,0,0
350,0,0
248,2,2
643,1,1
666,1,1
840,1,1
175,2,2
438,0,0
508,0,0
196,2,1
161,2,2
143,2,2
369,0,1
804,1,1
364,0,0
741,1,1
897,1,1
848,1,1
251,2,2
391,0,0
127,2,2
265,2,2
50,2,2
506,0,0
954,1,1
854,1,1
498,0,0
52,2,2
119,2,2
197,2,2
852,1,1
336,0,0
372,0,0
896,1,1
708,1,1
716,1,1
384,0,0
