transition_index,energy_ev,oscillator_strength
1,0.3010373330858048,0.00475864
2,0.30150167278952644,0.00491026
3,0.31182674037182884,0.000365207
4,0.32285503318933867,0.00101591
5,0.32287830253719035,0.00147783
6,0.35143035079356316,0.127983
7,0.3518089041056787,0.127636
8,0.43013133326650965,0.12766
9,0.43812822972287513,0.409786
10,0.43857761335635154,0.421455
11,0.443012746880787,0.137209
12,0.4519587597041512,0.0388935
13,0.45205941111979137,0.0408715
14,0.4681780358229456,0.0394924
15,0.4683507516059569,0.00793728
16,0.4737066291188899,0.0283908
17,0.482714899291759,0.00326803
18,0.48317683037237086,0.00196823
19,0.4860818074458368,0.00624205
20,0.5201536547671025,0.590542
21,0.5421083116557629,0.631553
22,0.542372581125621,0.632857
23,0.5942895604366474,1.48431
24,0.6793557649425481,0.0478502
25,1.0297188249644136,0.143642
26,1.030207842604803,0.027714
27,1.0326488258242625,0.449226
28,1.0441625377813,0.0359596
29,1.0602360559192732,0.0277839
30,1.0765116771578997,0.0465289
31,1.0767021275001352,0.0460701
32,1.0825494832131732,0.0710254
