material,site,md_window_id,feature_md_window_c_surface_distance_mean_a,feature_md_window_c_surface_distance_std_a,feature_md_window_mean_oco_angle_deg,label_site,label_site_id
ZnO,bridge,0,3.4348163210559863,0.3326724565284432,173.37133368746657,bridge,2
ZnO,bridge,1,4.194462309270068,0.2554488955371771,174.03006471975033,bridge,2
ZnO,bridge,2,4.534932071067632,0.20014568472423222,173.20257254513052,bridge,2
ZnO,bridge,3,4.944414423941698,0.15821734346403998,173.82707517012085,bridge,2
ZnO,bridge,4,4.949398195409069,0.18574048974027974,174.60639424313752,bridge,2
ZnO,bridge,5,4.2774958524795155,0.2336743251239505,177.57284336759363,bridge,2
ZnO,bridge,6,4.055569338395716,0.08990501313791104,178.12014072689908,bridge,2
ZnO,bridge,7,4.038993618454574,0.0587030085598417,174.25822859293527,bridge,2
ZnO,bridge,8,3.980912525890479,0.12207293006706346,173.29828888480696,bridge,2
ZnO,bridge,9,3.572378530583854,0.1409783903859474,174.0287325878912,bridge,2
ZnO,top_metal,0,2.862957270759641,0.08935750028753903,174.45163967595647,top_metal,0
ZnO,top_metal,1,3.103593476178986,0.09131251878174453,174.28511333544634,top_metal,0
ZnO,top_metal,2,3.2524499762720795,0.042623582944907146,174.56545250182438,top_metal,0
ZnO,top_metal,3,2.950717071319488,0.21478575814983666,173.17633182454858,top_metal,0
ZnO,top_metal,4,2.5835242667969953,0.07034353989081825,171.25213675025773,top_metal,0
ZnO,top_metal,5,2.702889136248911,0.05534351715089575,175.4194946360099,top_metal,0
ZnO,top_metal,6,3.1043999790381447,0.1931755007782374,175.9491357073868,top_metal,0
ZnO,top_metal,7,3.214756009279919,0.14666376420467686,176.698714884952,top_metal,0
ZnO,top_metal,8,3.1393578045665107,0.20423108978969448,175.35832223954807,top_metal,0
ZnO,top_metal,9,3.643197618430689,0.06614218484974838,174.92085446992132,top_metal,0
ZnO,top_oxygen,0,4.414941978317124,0.08897874719461778,177.83641708784978,top_oxygen,1
ZnO,top_oxygen,1,4.264357374987851,0.14883771581725372,177.0105940691768,top_oxygen,1
ZnO,top_oxygen,2,3.8907473058341338,0.11809501940449851,175.95441662887248,top_oxygen,1
ZnO,top_oxygen,3,3.6975873309599074,0.0746808968916342,175.39158275190653,top_oxygen,1
ZnO,top_oxygen,4,3.6212604327552063,0.12279467549772567,176.58809331240715,top_oxygen,1
ZnO,top_oxygen,5,3.628150470242683,0.11548232165417173,175.14426030253873,top_oxygen,1
ZnO,top_oxygen,6,3.2815256571764144,0.13254019410222748,177.20674396799734,top_oxygen,1
ZnO,top_oxygen,7,3.256921303794445,0.13003804744605676,175.6121363735524,top_oxygen,1
ZnO,top_oxygen,8,3.350611684320306,0.13903324160269204,175.43394896903402,top_oxygen,1
ZnO,top_oxygen,9,3.697014607660578,0.0904269993691983,175.8143977632497,top_oxygen,1
