requested_model,return_code,status,benchmark_elapsed_s,model,feature_set,features_json,n_features,n_qubits,scaler,simulator,kernel,entanglement,reps,C,class_weight,backend,shots,trial,random_state,test_size,max_samples,split_sha256,feature_map_fingerprint,encoding,feature_map_depth_pretranspile,feature_map_size_pretranspile,optimization_level,transpiler_seed,max_circuits_per_job,samples,train_samples,test_samples,train_balanced_accuracy,test_accuracy,test_balanced_accuracy,test_f1_macro,diagnosis,train_test_gap,cv_balanced_accuracy_mean,cv_balanced_accuracy_std,fidelity_circuit_count,runtime_job_count,time_preprocess_train_wall_s,time_preprocess_test_wall_s,time_kernel_train_wall_s,time_kernel_test_wall_s,time_kernel_total_wall_s,time_model_fit_wall_s,time_predict_train_wall_s,time_predict_test_wall_s,time_quantum_execution_s,time_transpile_wall_s,time_job_wait_wall_s,time_end_to_end_test_wall_s,time_cv_wall_s,time_fit_time_s,time_predict_test_time_s,time_predict_train_time_s,time_fit_plus_test_predict_s,time_cv_time_s,preprocessing_time_s,kernel_time_s,training_time_s,prediction_time_s,quantum_time_s,transpilation_time_s,queue_time_s,job_wait_time_s,end_to_end_test_time_s,train_transpiled_depth_mean,train_transpiled_2q_mean
svm,0,ok,0.6001749419992848,SVM,md3,"[""feature_md_window_c_surface_distance_mean_a"", ""feature_md_window_c_surface_distance_std_a"", ""feature_md_window_mean_oco_angle_deg""]",3,,none,,rbf,,,1.0,balanced,,,,42,0.25,300,155207d98dfc86ad8d574d23e5c1f4c3f93b929a66c3a1c4c6b6066449b71a9a,,,,,,,,300,225,75,0.6977777777777777,0.7466666666666667,0.7466666666666667,0.7497287381008312,no_obvious_train_test_gap,-0.04888888888888898,0.7022222222222221,0.06222222222222219,,,4.247199922247091e-05,1.670300025580218e-05,,,,0.0022276559993770206,0.0012402290003592498,0.0005311909999363706,,,,0.0028180219987916644,0.020153021000623994,0.0022276559993770206,0.0005311909999363706,0.0012402290003592498,0.0027588469993133913,0.020153021000623994,5.9174999478273094e-05,,0.0022276559993770206,0.0005311909999363706,,,,,0.0028180219987916644,,
svm,0,ok,0.593420160000278,SVM,md3,"[""feature_md_window_c_surface_distance_mean_a"", ""feature_md_window_c_surface_distance_std_a"", ""feature_md_window_mean_oco_angle_deg""]",3,,none,,rbf,,,1.0,balanced,,,,7,0.25,300,897862e77287639618f3bd674e88bf346a118c17aa369b72e127e02a37903bb8,,,,,,,,300,225,75,0.7288888888888888,0.6533333333333333,0.6533333333333333,0.649036816249931,no_obvious_train_test_gap,0.07555555555555549,0.7466666666666668,0.041216082202203144,,,4.0115000047080684e-05,1.720199998089811e-05,,,,0.00347055200018076,0.0012120619994675508,0.0005187899996599299,,,,0.004046658999868669,0.02759051599969098,0.00347055200018076,0.0005187899996599299,0.0012120619994675508,0.00398934199984069,0.02759051599969098,5.731700002797879e-05,,0.00347055200018076,0.0005187899996599299,,,,,0.004046658999868669,,
svm,0,ok,0.6461329169997043,SVM,md3,"[""feature_md_window_c_surface_distance_mean_a"", ""feature_md_window_c_surface_distance_std_a"", ""feature_md_window_mean_oco_angle_deg""]",3,,none,,rbf,,,1.0,balanced,,,,21,0.25,300,39596c0319ac7e43e9dfde8886a72c7fa9fe3c92e696ccd2fd43c2894c322a69,,,,,,,,300,225,75,0.6622222222222223,0.68,0.68,0.6901957581202863,no_obvious_train_test_gap,-0.01777777777777778,0.671111111111111,0.035555555555555535,,,2.3573999897053e-05,1.0522000593482517e-05,,,,0.0017814559996622847,0.0012335530000200379,0.0005330200001480989,,,,0.002348572000300919,0.022081627000261506,0.0017814559996622847,0.0005330200001480989,0.0012335530000200379,0.0023144759998103837,0.022081627000261506,3.4096000490535516e-05,,0.0017814559996622847,0.0005330200001480989,,,,,0.002348572000300919,,
svm,0,ok,0.6446040850005375,SVM,md3,"[""feature_md_window_c_surface_distance_mean_a"", ""feature_md_window_c_surface_distance_std_a"", ""feature_md_window_mean_oco_angle_deg""]",3,,none,,rbf,,,1.0,balanced,,,,84,0.25,300,57c9f33c30aa2922df0a5fb42f73f5fddd9f01c8648ee8f7041c73f80bfa69b9,,,,,,,,300,225,75,0.6844444444444444,0.7066666666666667,0.7066666666666667,0.6972832616362439,no_obvious_train_test_gap,-0.022222222222222254,0.6844444444444444,0.07489910909490097,,,2.721800046856515e-05,1.2466000043787062e-05,,,,0.0019714489999387297,0.0015913229999569012,0.0005671950002579251,,,,0.002578328000709007,0.02693525800077623,0.0019714489999387297,0.0005671950002579251,0.0015913229999569012,0.002538644000196655,0.02693525800077623,3.968400051235221e-05,,0.0019714489999387297,0.0005671950002579251,,,,,0.002578328000709007,,
svm,0,ok,0.5703246250004668,SVM,md3,"[""feature_md_window_c_surface_distance_mean_a"", ""feature_md_window_c_surface_distance_std_a"", ""feature_md_window_mean_oco_angle_deg""]",3,,none,,rbf,,,1.0,balanced,,,,123,0.25,300,f781225953fd04090828e16c77acb0a206b52c07ad9b1e61d80ce4e010be591b,,,,,,,,300,225,75,0.7111111111111112,0.6933333333333334,0.6933333333333334,0.679982156797145,no_obvious_train_test_gap,0.017777777777777892,0.7066666666666667,0.08709296863229078,,,2.5219999770342838e-05,1.0650999684003182e-05,,,,0.001782272999662382,0.0014065269997445284,0.0008041279997996753,,,,0.0026222719989164034,0.019508357000631804,0.001782272999662382,0.0008041279997996753,0.0014065269997445284,0.0025864009994620574,0.019508357000631804,3.587099945434602e-05,,0.001782272999662382,0.0008041279997996753,,,,,0.0026222719989164034,,
svm,0,ok,0.551912732999881,SVM,md3,"[""feature_md_window_c_surface_distance_mean_a"", ""feature_md_window_c_surface_distance_std_a"", ""feature_md_window_mean_oco_angle_deg""]",3,,standard,,rbf,,,1.0,balanced,,,,42,0.25,300,155207d98dfc86ad8d574d23e5c1f4c3f93b929a66c3a1c4c6b6066449b71a9a,,,,,,,,300,225,75,0.9555555555555556,0.96,0.96,0.9598554797270173,no_obvious_train_test_gap,-0.004444444444444362,0.9288888888888888,0.056916659888292,,,0.0012274359996808926,0.00042022799971164204,,,,0.001411510000252747,0.0005006999999750406,0.00030085100024734857,,,,0.00336002499989263,0.020258015000763407,0.001411510000252747,0.00030085100024734857,0.0005006999999750406,0.0017123610005000955,0.020258015000763407,0.0016476639993925346,,0.001411510000252747,0.00030085100024734857,,,,,0.00336002499989263,,
svm,0,ok,0.5631565419998878,SVM,md3,"[""feature_md_window_c_surface_distance_mean_a"", ""feature_md_window_c_surface_distance_std_a"", ""feature_md_window_mean_oco_angle_deg""]",3,,standard,,rbf,,,1.0,balanced,,,,7,0.25,300,897862e77287639618f3bd674e88bf346a118c17aa369b72e127e02a37903bb8,,,,,,,,300,225,75,0.9377777777777778,0.9466666666666667,0.9466666666666667,0.9463231347289319,no_obvious_train_test_gap,-0.008888888888888835,0.9111111111111111,0.028109134757052262,,,0.0011350400000083027,0.0003541450005286606,,,,0.001209814000503684,0.0005011289995309198,0.00029724199976044474,,,,0.002996241000801092,0.02056685300067329,0.001209814000503684,0.00029724199976044474,0.0005011289995309198,0.0015070560002641287,0.02056685300067329,0.0014891850005369633,,0.001209814000503684,0.00029724199976044474,,,,,0.002996241000801092,,
svm,0,ok,0.5186526790002972,SVM,md3,"[""feature_md_window_c_surface_distance_mean_a"", ""feature_md_window_c_surface_distance_std_a"", ""feature_md_window_mean_oco_angle_deg""]",3,,standard,,rbf,,,1.0,balanced,,,,21,0.25,300,39596c0319ac7e43e9dfde8886a72c7fa9fe3c92e696ccd2fd43c2894c322a69,,,,,,,,300,225,75,0.9644444444444445,0.9733333333333334,0.9733333333333333,0.9732905982905983,no_obvious_train_test_gap,-0.008888888888888724,0.9511111111111111,0.029481109247603575,,,0.0011322020000079647,0.00040787899979477515,,,,0.0015417040003740112,0.0007230759993035463,0.000311673000396695,,,,0.003393458000573446,0.01909470099963073,0.0015417040003740112,0.000311673000396695,0.0007230759993035463,0.0018533770007707062,0.01909470099963073,0.0015400809998027398,,0.0015417040003740112,0.000311673000396695,,,,,0.003393458000573446,,
svm,0,ok,0.5511869939991811,SVM,md3,"[""feature_md_window_c_surface_distance_mean_a"", ""feature_md_window_c_surface_distance_std_a"", ""feature_md_window_mean_oco_angle_deg""]",3,,standard,,rbf,,,1.0,balanced,,,,84,0.25,300,57c9f33c30aa2922df0a5fb42f73f5fddd9f01c8648ee8f7041c73f80bfa69b9,,,,,,,,300,225,75,0.9244444444444445,0.8266666666666667,0.8266666666666667,0.8290606922632374,no_obvious_train_test_gap,0.09777777777777785,0.9288888888888888,0.02948110924760359,,,0.0012887450002381229,0.00036138099949312164,,,,0.0011709450000125798,0.0004550319999907515,0.0002691649997359491,,,,0.0030902359994797735,0.01995077600076911,0.0011709450000125798,0.0002691649997359491,0.0004550319999907515,0.001440109999748529,0.01995077600076911,0.0016501259997312445,,0.0011709450000125798,0.0002691649997359491,,,,,0.0030902359994797735,,
svm,0,ok,0.5332399799999621,SVM,md3,"[""feature_md_window_c_surface_distance_mean_a"", ""feature_md_window_c_surface_distance_std_a"", ""feature_md_window_mean_oco_angle_deg""]",3,,standard,,rbf,,,1.0,balanced,,,,123,0.25,300,f781225953fd04090828e16c77acb0a206b52c07ad9b1e61d80ce4e010be591b,,,,,,,,300,225,75,0.9555555555555556,0.88,0.88,0.8794869726546746,no_obvious_train_test_gap,0.0755555555555556,0.9555555555555554,0.03718489006818117,,,0.0015476750004381756,0.0006859760005681892,,,,0.0015798730000824435,0.0004324080000515096,0.00025305199960712343,,,,0.004066576000695932,0.020140436000474438,0.0015798730000824435,0.00025305199960712343,0.0004324080000515096,0.001832924999689567,0.020140436000474438,0.002233651001006365,,0.0015798730000824435,0.00025305199960712343,,,,,0.004066576000695932,,
svm,0,ok,0.574662379000074,SVM,md3,"[""feature_md_window_c_surface_distance_mean_a"", ""feature_md_window_c_surface_distance_std_a"", ""feature_md_window_mean_oco_angle_deg""]",3,,minmax,,rbf,,,1.0,balanced,,,,42,0.25,300,155207d98dfc86ad8d574d23e5c1f4c3f93b929a66c3a1c4c6b6066449b71a9a,,,,,,,,300,225,75,0.9199999999999999,0.9333333333333333,0.9333333333333332,0.9345314850633999,no_obvious_train_test_gap,-0.013333333333333308,0.9244444444444444,0.05370242654930921,,,0.001228004000040528,0.0004411939999044989,,,,0.001598435000232712,0.0005169079995539505,0.00042121300066355616,,,,0.003688846000841295,0.0210885030001009,0.001598435000232712,0.00042121300066355616,0.0005169079995539505,0.002019648000896268,0.0210885030001009,0.0016691979999450268,,0.001598435000232712,0.00042121300066355616,,,,,0.003688846000841295,,
svm,0,ok,0.5577661549996265,SVM,md3,"[""feature_md_window_c_surface_distance_mean_a"", ""feature_md_window_c_surface_distance_std_a"", ""feature_md_window_mean_oco_angle_deg""]",3,,minmax,,rbf,,,1.0,balanced,,,,7,0.25,300,897862e77287639618f3bd674e88bf346a118c17aa369b72e127e02a37903bb8,,,,,,,,300,225,75,0.9377777777777778,0.9466666666666667,0.9466666666666667,0.9463231347289319,no_obvious_train_test_gap,-0.008888888888888835,0.9111111111111111,0.024343224778007336,,,0.0010061619996122317,0.00041928200062102405,,,,0.0016592649999438436,0.0005988040002193884,0.000474000999929558,,,,0.0035587100001066574,0.01949970699934056,0.0016592649999438436,0.000474000999929558,0.0005988040002193884,0.0021332659998734016,0.01949970699934056,0.0014254440002332558,,0.0016592649999438436,0.000474000999929558,,,,,0.0035587100001066574,,
svm,0,ok,0.5562947680000434,SVM,md3,"[""feature_md_window_c_surface_distance_mean_a"", ""feature_md_window_c_surface_distance_std_a"", ""feature_md_window_mean_oco_angle_deg""]",3,,minmax,,rbf,,,1.0,balanced,,,,21,0.25,300,39596c0319ac7e43e9dfde8886a72c7fa9fe3c92e696ccd2fd43c2894c322a69,,,,,,,,300,225,75,0.9644444444444445,0.9733333333333334,0.9733333333333333,0.9732905982905983,no_obvious_train_test_gap,-0.008888888888888724,0.9244444444444444,0.022662308949301244,,,0.0010573039999144385,0.0003530930007400457,,,,0.001232022000294819,0.0005521479997696588,0.00030499399963446194,,,,0.002947413000583765,0.018756610000309593,0.001232022000294819,0.00030499399963446194,0.0005521479997696588,0.001537015999929281,0.018756610000309593,0.0014103970006544841,,0.001232022000294819,0.00030499399963446194,,,,,0.002947413000583765,,
svm,0,ok,0.5105985270001838,SVM,md3,"[""feature_md_window_c_surface_distance_mean_a"", ""feature_md_window_c_surface_distance_std_a"", ""feature_md_window_mean_oco_angle_deg""]",3,,minmax,,rbf,,,1.0,balanced,,,,84,0.25,300,57c9f33c30aa2922df0a5fb42f73f5fddd9f01c8648ee8f7041c73f80bfa69b9,,,,,,,,300,225,75,0.9244444444444445,0.8266666666666667,0.8266666666666667,0.8290606922632374,no_obvious_train_test_gap,0.09777777777777785,0.9288888888888888,0.02948110924760359,,,0.0010253119999106275,0.000353626000105578,,,,0.0011496540000734967,0.0005028819996368838,0.00026523900032771053,,,,0.0027938310004174127,0.01977254899975378,0.0011496540000734967,0.00026523900032771053,0.0005028819996368838,0.0014148930004012072,0.01977254899975378,0.0013789380000162055,,0.0011496540000734967,0.00026523900032771053,,,,,0.0027938310004174127,,
svm,0,ok,0.5753247909997299,SVM,md3,"[""feature_md_window_c_surface_distance_mean_a"", ""feature_md_window_c_surface_distance_std_a"", ""feature_md_window_mean_oco_angle_deg""]",3,,minmax,,rbf,,,1.0,balanced,,,,123,0.25,300,f781225953fd04090828e16c77acb0a206b52c07ad9b1e61d80ce4e010be591b,,,,,,,,300,225,75,0.9555555555555556,0.88,0.88,0.8794869726546746,no_obvious_train_test_gap,0.0755555555555556,0.96,0.035555555555555576,,,0.0010075009995489381,0.0003869259999191854,,,,0.0012798460002159118,0.0004877440005657263,0.00028195300001243595,,,,0.0029562259996964713,0.020244018999619584,0.0012798460002159118,0.00028195300001243595,0.0004877440005657263,0.0015617990002283477,0.020244018999619584,0.0013944269994681235,,0.0012798460002159118,0.00028195300001243595,,,,,0.0029562259996964713,,
svm,0,ok,0.6153087620004953,SVM,md3,"[""feature_md_window_c_surface_distance_mean_a"", ""feature_md_window_c_surface_distance_std_a"", ""feature_md_window_mean_oco_angle_deg""]",3,,minmax_pi,,rbf,,,1.0,balanced,,,,42,0.25,300,155207d98dfc86ad8d574d23e5c1f4c3f93b929a66c3a1c4c6b6066449b71a9a,,,,,,,,300,225,75,0.9199999999999999,0.9333333333333333,0.9333333333333332,0.9345314850633999,no_obvious_train_test_gap,-0.013333333333333308,0.9244444444444444,0.05370242654930921,,,0.001123733999520482,0.00037800600057380507,,,,0.00129608899987943,0.0005684340003426769,0.0003015000002051238,,,,0.003099329000178841,0.022094283000114956,0.00129608899987943,0.0003015000002051238,0.0005684340003426769,0.0015975890000845538,0.022094283000114956,0.001501740000094287,,0.00129608899987943,0.0003015000002051238,,,,,0.003099329000178841,,
svm,0,ok,0.515910559999611,SVM,md3,"[""feature_md_window_c_surface_distance_mean_a"", ""feature_md_window_c_surface_distance_std_a"", ""feature_md_window_mean_oco_angle_deg""]",3,,minmax_pi,,rbf,,,1.0,balanced,,,,7,0.25,300,897862e77287639618f3bd674e88bf346a118c17aa369b72e127e02a37903bb8,,,,,,,,300,225,75,0.9377777777777778,0.9466666666666667,0.9466666666666667,0.9463231347289319,no_obvious_train_test_gap,-0.008888888888888835,0.9111111111111111,0.024343224778007336,,,0.0012544809997052653,0.00044790099946112605,,,,0.0011601260002862546,0.0005325550000634394,0.000279273000160174,,,,0.00314178099961282,0.018959249000545242,0.0011601260002862546,0.000279273000160174,0.0005325550000634394,0.0014393990004464285,0.018959249000545242,0.0017023819991663913,,0.0011601260002862546,0.000279273000160174,,,,,0.00314178099961282,,
svm,0,ok,0.571163362000334,SVM,md3,"[""feature_md_window_c_surface_distance_mean_a"", ""feature_md_window_c_surface_distance_std_a"", ""feature_md_window_mean_oco_angle_deg""]",3,,minmax_pi,,rbf,,,1.0,balanced,,,,21,0.25,300,39596c0319ac7e43e9dfde8886a72c7fa9fe3c92e696ccd2fd43c2894c322a69,,,,,,,,300,225,75,0.9644444444444445,0.9733333333333334,0.9733333333333333,0.9732905982905983,no_obvious_train_test_gap,-0.008888888888888724,0.9244444444444444,0.022662308949301244,,,0.0012920899998789537,0.0006261130001803394,,,,0.0016995220003082068,0.000566324999454082,0.0003100630001426907,,,,0.003927788000510191,0.02280780799992499,0.0016995220003082068,0.0003100630001426907,0.000566324999454082,0.0020095850004508975,0.02280780799992499,0.0019182030000592931,,0.0016995220003082068,0.0003100630001426907,,,,,0.003927788000510191,,
svm,0,ok,0.5800003550002657,SVM,md3,"[""feature_md_window_c_surface_distance_mean_a"", ""feature_md_window_c_surface_distance_std_a"", ""feature_md_window_mean_oco_angle_deg""]",3,,minmax_pi,,rbf,,,1.0,balanced,,,,84,0.25,300,57c9f33c30aa2922df0a5fb42f73f5fddd9f01c8648ee8f7041c73f80bfa69b9,,,,,,,,300,225,75,0.9244444444444445,0.8266666666666667,0.8266666666666667,0.8290606922632374,no_obvious_train_test_gap,0.09777777777777785,0.9288888888888888,0.02948110924760359,,,0.0013593940002465388,0.0004163330004303134,,,,0.0021748439994553337,0.0005292369996823254,0.0004010540005765506,,,,0.0043516250007087365,0.02176601799965283,0.0021748439994553337,0.0004010540005765506,0.0005292369996823254,0.0025758980000318843,0.02176601799965283,0.0017757270006768522,,0.0021748439994553337,0.0004010540005765506,,,,,0.0043516250007087365,,
svm,0,ok,0.5415939200001958,SVM,md3,"[""feature_md_window_c_surface_distance_mean_a"", ""feature_md_window_c_surface_distance_std_a"", ""feature_md_window_mean_oco_angle_deg""]",3,,minmax_pi,,rbf,,,1.0,balanced,,,,123,0.25,300,f781225953fd04090828e16c77acb0a206b52c07ad9b1e61d80ce4e010be591b,,,,,,,,300,225,75,0.9555555555555556,0.88,0.88,0.8794869726546746,no_obvious_train_test_gap,0.0755555555555556,0.96,0.035555555555555576,,,0.0009914199999911943,0.0003498679998301668,,,,0.0011914730002899887,0.00047465200077567715,0.0002696429992283811,,,,0.002802403999339731,0.01861782099967968,0.0011914730002899887,0.0002696429992283811,0.00047465200077567715,0.0014611159995183698,0.01861782099967968,0.0013412879998213612,,0.0011914730002899887,0.0002696429992283811,,,,,0.002802403999339731,,
svm,0,ok,0.5344456709999577,SVM,md3,"[""feature_md_window_c_surface_distance_mean_a"", ""feature_md_window_c_surface_distance_std_a"", ""feature_md_window_mean_oco_angle_deg""]",3,,power,,rbf,,,1.0,balanced,,,,42,0.25,300,155207d98dfc86ad8d574d23e5c1f4c3f93b929a66c3a1c4c6b6066449b71a9a,,,,,,,,300,225,75,0.9555555555555556,0.96,0.96,0.9598554797270173,no_obvious_train_test_gap,-0.004444444444444362,0.9600000000000002,0.03823255674241166,,,0.003213969000171346,0.0005535540003620554,,,,0.0011159230007251608,0.0004617530003088177,0.00025310299952252535,,,,0.005136549000781088,0.02701105800042569,0.0011159230007251608,0.00025310299952252535,0.0004617530003088177,0.0013690260002476862,0.02701105800042569,0.0037675230005334015,,0.0011159230007251608,0.00025310299952252535,,,,,0.005136549000781088,,
svm,0,ok,0.6027490319993376,SVM,md3,"[""feature_md_window_c_surface_distance_mean_a"", ""feature_md_window_c_surface_distance_std_a"", ""feature_md_window_mean_oco_angle_deg""]",3,,power,,rbf,,,1.0,balanced,,,,7,0.25,300,897862e77287639618f3bd674e88bf346a118c17aa369b72e127e02a37903bb8,,,,,,,,300,225,75,0.9733333333333333,0.9733333333333334,0.9733333333333333,0.9732905982905983,no_obvious_train_test_gap,0.0,0.9422222222222223,0.03014368881389013,,,0.003762676999940595,0.0011566309995032498,,,,0.002404529999694205,0.0008435890003966051,0.0005080929995529004,,,,0.00783193099869095,0.03235451799992006,0.002404529999694205,0.0005080929995529004,0.0008435890003966051,0.0029126229992471053,0.03235451799992006,0.004919307999443845,,0.002404529999694205,0.0005080929995529004,,,,,0.00783193099869095,,
svm,0,ok,0.52934850299971,SVM,md3,"[""feature_md_window_c_surface_distance_mean_a"", ""feature_md_window_c_surface_distance_std_a"", ""feature_md_window_mean_oco_angle_deg""]",3,,power,,rbf,,,1.0,balanced,,,,21,0.25,300,39596c0319ac7e43e9dfde8886a72c7fa9fe3c92e696ccd2fd43c2894c322a69,,,,,,,,300,225,75,0.9644444444444445,0.9733333333333334,0.9733333333333333,0.9732905982905983,no_obvious_train_test_gap,-0.008888888888888724,0.9422222222222223,0.017777777777777816,,,0.0027399120008340105,0.0005335770001693163,,,,0.001136324999606586,0.0005066989997430937,0.0002731219992710976,,,,0.0046829359998810105,0.027514694999808853,0.001136324999606586,0.0002731219992710976,0.0005066989997430937,0.0014094469988776837,0.027514694999808853,0.003273489001003327,,0.001136324999606586,0.0002731219992710976,,,,,0.0046829359998810105,,
svm,0,ok,0.5431873910001741,SVM,md3,"[""feature_md_window_c_surface_distance_mean_a"", ""feature_md_window_c_surface_distance_std_a"", ""feature_md_window_mean_oco_angle_deg""]",3,,power,,rbf,,,1.0,balanced,,,,84,0.25,300,57c9f33c30aa2922df0a5fb42f73f5fddd9f01c8648ee8f7041c73f80bfa69b9,,,,,,,,300,225,75,0.9466666666666667,0.9066666666666666,0.9066666666666666,0.9088022244943225,no_obvious_train_test_gap,0.040000000000000036,0.9288888888888888,0.02948110924760359,,,0.002719403999435599,0.0005663780002578278,,,,0.0011668619999909424,0.00046641199969599256,0.00025254800038965186,,,,0.004705192000074021,0.02871972899993125,0.0011668619999909424,0.00025254800038965186,0.00046641199969599256,0.0014194100003805943,0.02871972899993125,0.0032857819996934268,,0.0011668619999909424,0.00025254800038965186,,,,,0.004705192000074021,,
svm,0,ok,0.5679908480005906,SVM,md3,"[""feature_md_window_c_surface_distance_mean_a"", ""feature_md_window_c_surface_distance_std_a"", ""feature_md_window_mean_oco_angle_deg""]",3,,power,,rbf,,,1.0,balanced,,,,123,0.25,300,f781225953fd04090828e16c77acb0a206b52c07ad9b1e61d80ce4e010be591b,,,,,,,,300,225,75,0.9555555555555556,0.88,0.88,0.8794869726546746,no_obvious_train_test_gap,0.0755555555555556,0.9555555555555554,0.03718489006818117,,,0.0027108290005344315,0.0005535529999178834,,,,0.001194968999698176,0.00041631600015534787,0.0002592709997770726,,,,0.004718621999927564,0.027245568000580533,0.001194968999698176,0.0002592709997770726,0.00041631600015534787,0.0014542399994752486,0.027245568000580533,0.003264382000452315,,0.001194968999698176,0.0002592709997770726,,,,,0.004718621999927564,,
svm,0,ok,0.5273388380001052,SVM,md3,"[""feature_md_window_c_surface_distance_mean_a"", ""feature_md_window_c_surface_distance_std_a"", ""feature_md_window_mean_oco_angle_deg""]",3,,power_minmax,,rbf,,,1.0,balanced,,,,42,0.25,300,155207d98dfc86ad8d574d23e5c1f4c3f93b929a66c3a1c4c6b6066449b71a9a,,,,,,,,300,225,75,0.9555555555555556,0.96,0.96,0.9598554797270173,no_obvious_train_test_gap,-0.004444444444444362,0.9422222222222223,0.045758356182164436,,,0.003025353000339237,0.0007403929994325154,,,,0.0011302970005999669,0.0004816589998881682,0.00026484799946047133,,,,0.005160890999832191,0.030974657000115258,0.0011302970005999669,0.00026484799946047133,0.0004816589998881682,0.0013951450000604382,0.030974657000115258,0.0037657459997717524,,0.0011302970005999669,0.00026484799946047133,,,,,0.005160890999832191,,
svm,0,ok,0.5202206709991515,SVM,md3,"[""feature_md_window_c_surface_distance_mean_a"", ""feature_md_window_c_surface_distance_std_a"", ""feature_md_window_mean_oco_angle_deg""]",3,,power_minmax,,rbf,,,1.0,balanced,,,,7,0.25,300,897862e77287639618f3bd674e88bf346a118c17aa369b72e127e02a37903bb8,,,,,,,,300,225,75,0.9733333333333333,0.9733333333333334,0.9733333333333333,0.9732905982905983,no_obvious_train_test_gap,0.0,0.9288888888888888,0.016629588385661972,,,0.0035088399999949615,0.0007037029999992228,,,,0.0010900160004894133,0.0004859120008404716,0.00026650800009520026,,,,0.005569067000578798,0.030549519000487635,0.0010900160004894133,0.00026650800009520026,0.0004859120008404716,0.0013565240005846135,0.030549519000487635,0.004212542999994184,,0.0010900160004894133,0.00026650800009520026,,,,,0.005569067000578798,,
svm,0,ok,0.5224182369993287,SVM,md3,"[""feature_md_window_c_surface_distance_mean_a"", ""feature_md_window_c_surface_distance_std_a"", ""feature_md_window_mean_oco_angle_deg""]",3,,power_minmax,,rbf,,,1.0,balanced,,,,21,0.25,300,39596c0319ac7e43e9dfde8886a72c7fa9fe3c92e696ccd2fd43c2894c322a69,,,,,,,,300,225,75,0.9644444444444445,0.9733333333333334,0.9733333333333333,0.9732905982905983,no_obvious_train_test_gap,-0.008888888888888724,0.9377777777777776,0.016629588385661996,,,0.0032232979992841138,0.0006920390005689114,,,,0.0011325290006425348,0.0005125489997226396,0.0002712199993766262,,,,0.005319085999872186,0.03242210799999157,0.0011325290006425348,0.0002712199993766262,0.0005125489997226396,0.001403749000019161,0.03242210799999157,0.003915336999853025,,0.0011325290006425348,0.0002712199993766262,,,,,0.005319085999872186,,
svm,0,ok,0.5489872349999132,SVM,md3,"[""feature_md_window_c_surface_distance_mean_a"", ""feature_md_window_c_surface_distance_std_a"", ""feature_md_window_mean_oco_angle_deg""]",3,,power_minmax,,rbf,,,1.0,balanced,,,,84,0.25,300,57c9f33c30aa2922df0a5fb42f73f5fddd9f01c8648ee8f7041c73f80bfa69b9,,,,,,,,300,225,75,0.9466666666666667,0.9066666666666666,0.9066666666666666,0.9088022244943225,no_obvious_train_test_gap,0.040000000000000036,0.9288888888888888,0.02948110924760359,,,0.0032212839996645926,0.0012781920004272251,,,,0.001279045000046608,0.0004827189995921799,0.00028599300003406825,,,,0.006064514000172494,0.038502457000504364,0.001279045000046608,0.00028599300003406825,0.0004827189995921799,0.0015650380000806763,0.038502457000504364,0.004499476000091818,,0.001279045000046608,0.00028599300003406825,,,,,0.006064514000172494,,
svm,0,ok,0.5406990950004911,SVM,md3,"[""feature_md_window_c_surface_distance_mean_a"", ""feature_md_window_c_surface_distance_std_a"", ""feature_md_window_mean_oco_angle_deg""]",3,,power_minmax,,rbf,,,1.0,balanced,,,,123,0.25,300,f781225953fd04090828e16c77acb0a206b52c07ad9b1e61d80ce4e010be591b,,,,,,,,300,225,75,0.9555555555555556,0.88,0.88,0.8794869726546746,no_obvious_train_test_gap,0.0755555555555556,0.9555555555555554,0.03718489006818117,,,0.003603049000048486,0.0007812930007276009,,,,0.0011866109998663887,0.0004394349998619873,0.00025350000032631215,,,,0.005824453000968788,0.030633588999990025,0.0011866109998663887,0.00025350000032631215,0.0004394349998619873,0.0014401110001927009,0.030633588999990025,0.004384342000776087,,0.0011866109998663887,0.00025350000032631215,,,,,0.005824453000968788,,
