requested_model,model,status,feature_set,n_features,n_qubits,simulator,backend,shots,trial,scaler,encoding,entanglement,reps,test_accuracy,test_balanced_accuracy,test_f1_macro,train_balanced_accuracy,train_test_gap,preprocessing_time_s,kernel_time_s,training_time_s,prediction_time_s,transpilation_time_s,queue_time_s,quantum_time_s,job_wait_time_s,end_to_end_test_time_s,feature_map_depth_pretranspile,feature_map_size_pretranspile,train_transpiled_depth_mean,train_transpiled_2q_mean,fidelity_circuit_count,requested_circuit_shots,runtime_job_count,fair_local_ibm_comparison,fairness_issues,kernel_train_mae_vs_ideal,kernel_test_mae_vs_ideal
qsvm,QSVM_IDEAL,ok,md3,3,3,reference,,,,power_minmax,standard_zz_feature_map,linear,1,1.0,1.0,1.0,1.0,0.0,0.003021332999196602,0.042916812000839855,0.001119084000492876,0.00011377899954823079,,,,,0.04717100800007756,8,12,,,,,,,,,
qsvm,QSVM_IDEAL,ok,md3,3,3,reference,,,,power_minmax,standard_zz_feature_map,linear,1,0.875,0.8888888888888888,0.8666666666666667,0.9583333333333334,0.06944444444444453,0.0032226929997705156,0.04102787900046678,0.0008345619999090559,7.438599914166844e-05,,,,,0.04515951999928802,8,12,,,,,,,,,
qsvm,QSVM_IDEAL,ok,md3,3,3,reference,,,,power_minmax,standard_zz_feature_map,linear,1,0.875,0.8888888888888888,0.8857142857142857,0.9583333333333334,0.06944444444444453,0.0033964969998123706,0.0402180490000319,0.000932750999709242,8.858300043357303e-05,,,,,0.04463587999998708,8,12,,,,,,,,,
qsvm,QSVM_IDEAL,ok,md3,3,3,reference,,,,power_minmax,standard_zz_feature_map,linear,1,0.625,0.6666666666666666,0.6238095238095238,0.9523809523809524,0.2857142857142858,0.0028799570000046515,0.0450296580002032,0.0008495639995089732,7.933000051707495e-05,,,,,0.0488385090002339,8,12,,,,,,,,,
qsvm,QSVM_IDEAL,ok,md3,3,3,reference,,,,power_minmax,standard_zz_feature_map,linear,1,0.625,0.611111111111111,0.5857142857142857,1.0,0.38888888888888895,0.004123845999856712,0.04393937500026368,0.0008772130004217615,8.513900047546485e-05,,,,,0.04902557300101762,8,12,,,,,,,,,
qsvm,QSVM_IDEAL,ok,md3,3,6,reference,,,,power_minmax,custom_multiqubit_zz_reupload,linear,1,0.875,0.8888888888888888,0.8857142857142857,1.0,0.11111111111111116,0.0030149900003380026,0.06328552200011472,0.0008694299995113397,7.867499971325742e-05,,,,,0.06724861699967732,17,27,,,,,,,,,
qsvm,QSVM_IDEAL,ok,md3,3,6,reference,,,,power_minmax,custom_multiqubit_zz_reupload,linear,1,0.875,0.8888888888888888,0.8666666666666667,1.0,0.11111111111111116,0.003938077999919187,0.0650282229998993,0.000962854999670526,8.53100000313134e-05,,,,,0.07001446599952033,17,27,,,,,,,,,
qsvm,QSVM_IDEAL,ok,md3,3,6,reference,,,,power_minmax,custom_multiqubit_zz_reupload,linear,1,0.875,0.8888888888888888,0.8857142857142857,1.0,0.11111111111111116,0.005529551000108768,0.06733587800044916,0.0011422159996072878,9.812799999053823e-05,,,,,0.07410577300015575,17,27,,,,,,,,,
qsvm,QSVM_IDEAL,ok,md3,3,6,reference,,,,power_minmax,custom_multiqubit_zz_reupload,linear,1,0.5,0.5555555555555555,0.4904761904761905,0.9523809523809524,0.39682539682539697,0.0029002700002820347,0.06461576799938484,0.0008845359998304048,7.870000081311446e-05,,,,,0.0684792740003104,17,27,,,,,,,,,
qsvm,QSVM_IDEAL,ok,md3,3,6,reference,,,,power_minmax,custom_multiqubit_zz_reupload,linear,1,0.75,0.7222222222222222,0.7301587301587301,1.0,0.2777777777777778,0.004079629000443674,0.055118088001108845,0.0009082569995371159,9.096800022234675e-05,,,,,0.06019694200131198,17,27,,,,,,,,,
qsvm,QSVM_IDEAL,ok,md3,3,9,reference,,,,power_minmax,custom_multiqubit_zz_reupload,linear,1,0.75,0.7777777777777777,0.75,1.0,0.22222222222222232,0.003574155000023893,0.08420111699979316,0.0011150840000482276,0.0001299739997193683,,,,,0.08902032999958465,26,42,,,,,,,,,
qsvm,QSVM_IDEAL,ok,md3,3,9,reference,,,,power_minmax,custom_multiqubit_zz_reupload,linear,1,0.75,0.7222222222222222,0.7388888888888889,1.0,0.2777777777777778,0.002932901000349375,0.08337014500011719,0.0016757319999669562,0.00015459900077985367,,,,,0.08813337700121338,26,42,,,,,,,,,
qsvm,QSVM_IDEAL,ok,md3,3,9,reference,,,,power_minmax,custom_multiqubit_zz_reupload,linear,1,0.875,0.8888888888888888,0.8857142857142857,1.0,0.11111111111111116,0.003195323999534594,0.07433543799925246,0.0019513240004016552,0.0001666349999140948,,,,,0.0796487209991028,26,42,,,,,,,,,
qsvm,QSVM_IDEAL,ok,md3,3,9,reference,,,,power_minmax,custom_multiqubit_zz_reupload,linear,1,0.5,0.5555555555555555,0.4904761904761905,1.0,0.44444444444444453,0.002491498000381398,0.08256459400035965,0.0008858050005073892,8.119799986161524e-05,,,,,0.08602309500111005,26,42,,,,,,,,,
qsvm,QSVM_IDEAL,ok,md3,3,9,reference,,,,power_minmax,custom_multiqubit_zz_reupload,linear,1,0.75,0.7222222222222222,0.7388888888888889,1.0,0.2777777777777778,0.002667511000254308,0.07304859200030478,0.0008868450004229089,9.651900018070592e-05,,,,,0.0766994670011627,26,42,,,,,,,,,
qsvm,QSVM_IDEAL,ok,md3,3,12,reference,,,,power_minmax,custom_multiqubit_zz_reupload,linear,1,0.625,0.611111111111111,0.611111111111111,1.0,0.38888888888888895,0.0035468510004648124,0.13837620399954176,0.0010227619995930581,8.436100051767426e-05,,,,,0.1430301780001173,35,57,,,,,,,,,
qsvm,QSVM_IDEAL,ok,md3,3,12,reference,,,,power_minmax,custom_multiqubit_zz_reupload,linear,1,0.75,0.7222222222222222,0.7388888888888889,1.0,0.2777777777777778,0.0031456189999516937,0.12720571600038966,0.0008869469993442181,9.675900037109386e-05,,,,,0.13133504100005666,35,57,,,,,,,,,
qsvm,QSVM_IDEAL,ok,md3,3,12,reference,,,,power_minmax,custom_multiqubit_zz_reupload,linear,1,0.875,0.8888888888888888,0.8857142857142857,1.0,0.11111111111111116,0.0038713120002284995,0.11714491699967766,0.00166055400040932,0.00012043000060657505,,,,,0.12279721300092206,35,57,,,,,,,,,
qsvm,QSVM_IDEAL,ok,md3,3,12,reference,,,,power_minmax,custom_multiqubit_zz_reupload,linear,1,0.5,0.5555555555555555,0.4904761904761905,1.0,0.44444444444444453,0.0031865580003795912,0.13567816799968568,0.0009714100006021908,9.95639993561781e-05,,,,,0.13993570000002364,35,57,,,,,,,,,
qsvm,QSVM_IDEAL,ok,md3,3,12,reference,,,,power_minmax,custom_multiqubit_zz_reupload,linear,1,0.75,0.7222222222222222,0.7388888888888889,1.0,0.2777777777777778,0.002443198999571905,0.11206417900029919,0.0008793690003585652,8.239799990406027e-05,,,,,0.11546914500013372,35,57,,,,,,,,,
