0,1,2,3,4,5,6,7,8,9,10,11,12,13,14,15,16,17,18,19,20,21,22,23,24,25,26,27,28,29,30,31,32,33,34,35,36,37,38,39,40,41,42,43,44
1.0000000000000004,0.019280454911667425,0.00011833169492591125,0.00750996466730367,0.0074161942436875294,0.032589197242690694,0.00029555887571058523,0.06101488056842361,0.0033381489704174872,0.0015572487786869593,0.006124627009342704,0.00863744174411167,0.0025732093106410614,0.07634180038143731,0.2716589444477657,0.006099827092904875,0.001643383460276128,0.0003617094906738066,0.006411986504822147,0.0067138762287694016,0.0006606476527950395,0.07438852646532808,0.00019398256164571137,0.0003849082468063873,0.012084378541860157,0.00042502896220225454,0.006625045509202135,0.0014134398566468045,0.0006246747036269679,0.008884858049527239,0.0004860417105153952,0.020669247614014518,0.022768263517803238,0.0008113404546153267,0.005745334856165918,0.0034557751802263515,0.1580872330353728,0.004267633782614374,0.0022568553601161547,0.11487849806546829,0.0010098695623395088,0.0004975245564352929,0.001311331610218703,0.00037436504442059024,0.019862153960676327
0.019280454911667428,1.0000000000000018,0.028354937415754768,0.03584090500701654,0.04973618196702346,0.04897984025548519,0.014169754832931113,0.0200729006469007,0.00017974689530872228,0.03460948052623375,0.015037246951096168,0.00020218760299124672,0.04388674342091512,0.006231692105504701,0.01156399799266696,0.00012153981383835385,0.08923013034070024,0.00016715942355150946,0.015035489849613707,0.04476430262186804,0.0013359792857615621,1.3021189223774883e-05,0.06869409867407819,9.222141533198492e-06,0.0457271728659019,0.0006720923352190426,0.04767713977215352,0.0228159895241923,0.07678084965517912,0.00030384928277845877,0.0027210107250986923,0.055600221028911635,0.022659054217218637,0.0034553305881988494,0.015551774742510157,0.09586480778202307,0.0009048660872399876,0.007611025535045741,0.046751433176875,0.0045390162369399875,0.0307897556062967,0.029317889002942722,0.005710324238389767,0.0304539668926989,0.008145955133621438
0.00011833169492589737,0.028354937415754768,1.0000000000000004,0.5986160725729663,0.005385158276105972,0.016606031006655843,0.12624614161555653,8.216361920802481e-05,0.0006931476174618766,0.005472588071695872,0.007615706329841071,0.05991713771967898,0.06989014816256825,4.727988898145172e-05,0.01887568750247159,0.00019366373867552543,0.09205496080409559,0.0011965973598843486,0.1141162834235429,0.20819608242626145,0.025298002407800044,0.0008268813768705034,0.0031729207751241273,0.00552352872096793,0.005454258445984572,0.02306859244419522,0.02942758308956253,0.0026553156404489284,0.7464834168747659,0.02644198711322048,0.07319208471750677,0.1512994091600872,0.011708985689664948,0.000373101110060111,0.005563502821891039,0.005726686822731902,0.000922982477061119,0.04577129745547459,0.07420721312590228,0.012172335702080685,0.009967369689375588,0.4141607279511812,0.033768950818818824,0.07267558243174804,0.003299956053399049
0.007509964667303668,0.03584090500701653,0.5986160725729662,0.999999999999999,0.005333803015082517,0.033901289062572684,0.2005559265141223,0.0008763151930383586,0.0019463572541732962,0.0036592094477115866,0.009052615338041825,0.1017662057497706,0.04814416028871846,0.006591801850198408,0.03506937511881222,0.000400189372806844,0.10605349429874253,0.0018841725435776915,0.035137567892187166,0.1680643808915566,0.016835115755586567,7.796702455424576e-06,0.005698358221364747,0.0020466177852967154,0.005900138441714775,0.016746388614129512,0.015923178086238887,7.850068776446735e-05,0.42400907208881145,0.022840680644815148,0.011579678334929788,0.15648954757919437,0.0034840944986044044,0.001575382474309663,0.043092453600631284,0.007329213153684677,0.020925838619295263,0.1604283821287492,0.011384271599032332,0.01613290305374879,0.00195835874407585,0.29981138026912135,0.0022730794145643385,0.041941553143324234,0.0015813151673199771
0.007416194243687528,0.04973618196702346,0.005385158276106028,0.005333803015082517,0.9999999999999992,0.0013680512848284754,0.08255412203710036,0.005508582774366791,0.0018481844021262135,0.9034058506352949,0.004824477752174166,0.004633815916523898,0.1306899844138357,0.00015710370491794565,0.009815855441129138,0.0006983400636553592,0.11675238356549847,0.010274227290990097,9.815569079101027e-05,0.01285380239971079,0.005544968851368182,5.060264148417856e-05,0.0883973528676001,0.0010407819187366798,0.9258164626416088,0.03741702279527091,0.018466018593828973,0.004816443923490571,0.047530044685048733,0.04184637083844148,0.04139388723363285,0.010454516996488389,0.0182955844538434,0.008968096831894952,0.02631015545732905,0.011979594026548836,0.001666346383079633,0.025377642097746136,0.006218797644283278,0.007060380012653616,0.048188560419234916,0.0009601111087503278,0.00019224160021328457,0.12613891247402187,0.027822414991557055
0.032589197242690694,0.04897984025548519,0.01660603100665585,0.033901289062572684,0.0013680512848284684,1.0000000000000007,0.002016514148221491,0.0016381715850305918,0.002602441608567487,0.0006305192438051319,0.004743938850839192,0.013309290598109064,0.05299325128718658,0.25335009920265433,0.07195159915198968,0.028028243506342147,0.002994479088325258,0.0014115870998244546,0.03794624873381251,0.001965126955873933,0.056988978165714244,0.037487833346354894,0.03908252059251291,0.04383809588951214,0.0018606268287628056,0.004008052031604051,0.0010327420254859004,0.0180814387717728,0.02023671700316028,0.0009110440877227914,0.02934318722241956,0.0027110657886458,0.0015494240034841268,0.002514502880551089,0.0004722823178337932,0.01601972669452709,0.1606850457615564,0.013744643408267443,0.01510503377713812,0.02965814749442524,0.015412517064164655,0.03444834010032512,0.0009977949790762617,0.033856244488884794,0.015406912187553405
0.00029555887571058523,0.014169754832931133,0.12624614161555656,0.20055592651412224,0.08255412203710034,0.002016514148221491,1.0000000000000016,0.016940274395567955,0.006646687304390517,0.07165693513587817,0.002338560839045035,0.05426049248103455,0.05283222781505954,0.005646587143300042,0.0077129234025335065,1.5462375272425923e-05,0.009802451556153266,0.004688043647990997,0.0447970502589174,0.07031663517442255,0.0019703732807698666,0.00015239313750799524,0.020815813171156147,0.00044125626844780403,0.08747138630242107,0.10976810823171171,0.0015319570023385708,0.0017911551007577468,0.14870256578172786,0.00799806650583992,0.03437680766390008,0.061321615259899695,0.0026178996597139015,0.002940836288044143,0.005539447780570729,0.0021810161281955193,0.00466800677659928,0.07586535383946882,0.008730280572248315,0.0050108475726649785,0.003038261653571732,0.357410842348834,0.0033548589128149474,0.05441248396522268,0.009088584198671746
0.06101488056842363,0.0200729006469007,8.216361920802134e-05,0.0008763151930383673,0.005508582774366789,0.0016381715850305994,0.01694027439556795,0.9999999999999998,0.0002554089858497533,0.00224311125438428,0.12075016091833804,0.004223334086881633,0.003521588210786928,0.01824335835332024,0.01063965115377593,0.00996450784822458,0.011225358437968083,0.0009522553514212115,0.00042685312541402686,0.0021568668416425503,0.0021148919728179527,0.008019785624435095,0.0018824720007917226,0.07538893209711718,0.00983332546256446,0.000984865482285774,0.010117604894490444,0.002945286329037239,0.00015821301078152057,0.00032652910333212334,0.0006408658235007511,0.0011880342195063525,0.00031717251611629023,0.00024102338963645525,0.018629323802055578,0.0005462516136432821,0.0014108867525635589,6.747849765554583e-05,0.01926637704064517,0.009529129412780083,0.0003945210412872745,0.00013639001908500453,0.005933005958617781,0.0026119223817015922,0.026127241399918816
0.003338148970417484,0.00017974689530872228,0.0006931476174618628,0.0019463572541732971,0.001848184402126217,0.002602441608567487,0.006646687304390529,0.00025540898584975566,1.0000000000000022,0.0015805001583537957,0.0015387458490726457,0.023713769223628445,0.00032435325877877997,0.0020316831800277933,0.0016321333717617941,0.017518785379129105,0.0005721581979875592,0.004320648976998146,0.03625882952350755,0.0040593571045107,0.0002683249868682973,0.061933127504439155,0.006526987448875381,0.0022679844897377024,0.002033978697035227,0.012162583254349497,0.000567884670871068,0.014463436627915799,0.00046078070473853927,0.0032202115749812798,0.0018126800798860233,0.007116505146057972,0.004340438113365947,0.14079956647200495,0.0011520712273196437,0.00017457382551230448,0.0004745405231012872,0.0007604992435456136,0.0026231836172105226,0.007398720934198796,0.0029241626464630004,0.0006957657213677547,0.010223797876332553,0.0005074420962719864,0.029662659481621525
0.0015572487786869593,0.03460948052623375,0.005472588071695872,0.003659209447711531,0.9034058506352948,0.0006305192438051249,0.07165693513587815,0.0022431112543842783,0.0015805001583537922,1.0000000000000009,0.003254142671586243,0.003968507683284245,0.12424563097977397,6.608333270884462e-05,0.005418548754345373,0.003132427388307992,0.1071103797243888,0.010681042791379342,5.370455712569444e-05,0.009351836887899506,0.005283658384886803,0.000621601437209204,0.06474485352256669,0.0026574713781446248,0.7496011188214733,0.04112983832001191,0.03444657053389344,0.020150081962226916,0.05414239528156467,0.039337497535680443,0.06369716876622403,0.005104529483028558,0.03289164527304158,0.004927614679779764,0.02542462568308599,0.008975852097055186,0.0003004211028086873,0.025790707374509746,0.00047481444468921996,0.013112428699662768,0.04562219571636021,0.0009774940737883875,8.676868683308442e-05,0.132875166843901,0.02867177748411561
0.006124627009342704,0.01503724695109615,0.007615706329841076,0.009052615338041824,0.004824477752174171,0.004743938850839171,0.002338560839045026,0.12075016091833807,0.0015387458490726425,0.0032541426715862534,0.9999999999999992,0.012605706991836834,0.004009858948250289,0.07264012266264516,0.00032873111772363387,0.017218691195698545,0.007106917553987838,0.0003632991128668769,0.0005746082993186236,0.041503104998344635,0.001206826367828774,0.0181710586816031,0.0034238554296344894,0.025288085464280224,0.004977091641654979,0.01789876016621572,0.0027117317623324855,0.010639387696967026,0.009839479256605319,0.006561403648868297,0.003108931374396832,0.036503831227843675,7.574938232678108e-05,0.029111849331473264,0.0015913679099239988,0.011398941877246676,0.006788716252876917,4.3426113408018274e-06,0.00015828216068452172,0.01165443496753604,0.0013533638758435212,0.0012137274872754608,0.004590894410946331,0.0028239351545595766,0.002367223762382348
0.008637441744111693,0.00020218760299124672,0.059917137719679006,0.10176620574977062,0.004633815916523898,0.013309290598109053,0.05426049248103457,0.004223334086881642,0.02371376922362846,0.003968507683284245,0.012605706991836831,1.0000000000000007,0.11802864639165266,0.0017795935811521293,0.04485601754327302,0.0011776908456429557,0.025540452452789457,0.004504925029557039,0.003846231717096249,0.14794066092564845,3.479333501759871e-05,6.954336749577386e-05,0.22412851686899937,2.7574154693714263e-05,0.00497520153429426,0.44630879536556667,0.0031810961111259223,3.0220105958209294e-05,0.05456495306295987,0.007176161026447275,0.041770460725567254,0.14112356447989674,0.01714092779560101,0.012618024975414645,0.009837835697852983,0.0010006335228967041,0.0030964723966057147,0.014837660071545678,0.005373654165426397,0.0034781029439009802,0.016674122289561537,0.019563177047095176,0.002297187946039843,0.10272433988651256,0.004751647832653435
0.0025732093106410753,0.04388674342091512,0.06989014816256828,0.04814416028871846,0.13068998441383567,0.052993251287186585,0.0528322278150595,0.00352158821078692,0.00032435325877876436,0.12424563097977394,0.004009858948250289,0.11802864639165267,1.0000000000000002,0.005323070431764066,0.048474448259735334,0.00012930304314495884,0.08024519984383333,0.0005313579700071992,0.04772536202280091,0.00012741221280088144,0.02563710477858889,0.00010851856477298027,0.24189093124606975,0.0001264508986308678,0.10258811956661071,0.0627118767828757,0.022013275803037243,0.003524984766731555,0.037452921180166715,0.000319430584634451,0.029296686876827842,0.00010416224224282788,0.011506269286262444,0.0007399053993336763,0.0017743168311058835,0.003929113549316934,0.0012102284347869537,0.009352356361659299,0.018894096405523537,0.002909090830589059,0.029537669101461172,0.20734797828963558,2.710195823167616e-05,0.9265381831290185,0.004613090810809954
0.07634180038143734,0.006231692105504689,4.727988898145172e-05,0.006591801850198399,0.0001571037049179387,0.2533500992026544,0.005646587143300052,0.018243358353320218,0.0020316831800278106,6.608333270884809e-05,0.07264012266264518,0.0017795935811521293,0.005323070431764054,0.9999999999999999,0.01996400219297347,0.019079987919574153,3.821184502637506e-05,8.291394180912613e-05,0.08727558539104963,0.003986568089108853,0.0018842196027116704,0.029000845943416717,0.006332341105213976,0.0036932076611751784,0.00022117079334903547,0.0027775181625948678,0.00015727569072512175,0.00035515916400803737,0.0007874831276068472,0.00023805167329717493,0.00013375873324511945,0.007688547360350328,0.006217267555207856,0.0012339721324829084,9.712792895930338e-05,5.75515479369459e-05,0.17421616366477505,0.009995303905589137,0.0002667864671719528,0.13273443323123282,0.004073618129587174,0.004467124846668202,0.0015683442475011994,0.0022815731519893433,0.03330755881252667
0.2716589444477658,0.011563997992666995,0.018875687502471594,0.03506937511881221,0.009815855441129132,0.07195159915198965,0.00771292340253351,0.010639651153775909,0.0016321333717617666,0.005418548754345366,0.0003287311177236278,0.04485601754327302,0.04847444825973531,0.01996400219297344,1.0000000000000018,0.012865347469951303,0.007577929930275968,0.0035754078181365473,0.004869013771517605,0.022866858503681576,0.02230272746299232,0.04700216319462927,0.005528572783202224,0.017290298176369626,0.014357448376104434,0.00864534680848254,2.576891557507649e-05,0.012837354963607401,0.04254119965666085,0.024390959512862322,0.04189234182377799,0.030176016819748977,0.008143233759310755,0.0018680261392769134,0.0003185630848909042,0.05947111765864075,0.19949598187357512,0.005616592159178285,0.02740141468006415,0.008852015958223488,0.006474834184027782,0.005024354110128332,0.0059799686722008345,0.03040867585564137,0.01424272408944424
0.006099827092904875,0.00012153981383832566,0.0001936637386755341,0.00040018937280684053,0.0006983400636553574,0.028028243506342154,1.5462375272435464e-05,0.009964507848224587,0.01751878537912912,0.00313242738830799,0.017218691195698514,0.0011776908456429523,0.0001293030431449623,0.019079987919574132,0.012865347469951324,0.9999999999999994,0.0007527415644731392,0.00910091962228942,0.03490523259518799,1.404778593837655e-05,0.027805088873702997,0.011434488718695743,0.0011888373939541097,0.1209183686722741,0.0003114820531271061,0.0020333242060432584,0.04266170503911925,3.229635294575581e-05,0.00015530869325147863,0.05461198760809376,0.000838496560835047,3.29663297807788e-05,0.015019558446350563,0.004643736799968815,0.0015366708217570504,0.0006032199958018463,0.00426563506623079,0.00280980292924432,0.000252904373398487,0.006852616501151578,0.0016143742429508736,0.001347332127521755,0.000607570757442552,0.0004557855496471943,0.02163257552684525
0.0016433834602761193,0.08923013034070024,0.09205496080409557,0.10605349429874253,0.11675238356549844,0.002994479088325251,0.009802451556153238,0.011225358437968087,0.0005721581979875488,0.1071103797243888,0.007106917553987835,0.02554045245278947,0.08024519984383333,3.821184502637506e-05,0.007577929930275958,0.0007527415644731396,1.0000000000000007,0.01720638787249257,2.5153693156913792e-05,0.06895645718820166,0.01464380712293738,1.1660147755073944e-05,0.28495910285673787,0.0036705388734163368,0.10923463782269331,0.009082439710328065,0.17969597256030886,0.002253140173527666,0.0361136182963082,0.0007418454067704972,0.04048219276115347,0.05956488144998594,0.011595646544927339,0.0034177387504819743,0.2240588582489333,0.10378605929321724,0.003884394797241236,0.08011164416667421,0.013926733696673813,0.02098358064468646,0.018162318731515484,0.00010397349070079276,0.0011752290378435094,0.07436039570964664,0.010907012234125775
0.0003617094906738066,0.00016715942355147824,0.0011965973598843539,0.001884172543577707,0.010274227290990099,0.0014115870998244683,0.004688043647991002,0.0009522553514212176,0.004320648976998171,0.010681042791379346,0.00036329911286685945,0.004504925029557037,0.0005313579700071975,8.291394180913307e-05,0.0035754078181365542,0.00910091962228942,0.017206387872492557,1.0000000000000013,0.007759853933273066,0.0017183840178399898,0.001783108444029214,0.0004961243097915721,0.006380925160164802,0.011075322255598857,0.010950984910182137,0.0005745299865670154,0.007908418681358676,0.0029847715019937666,0.00045995741582532425,0.0009689568257499906,0.000324744718056498,0.003126111330470663,0.007292607073509984,0.00011872869235648596,0.04092620743112066,0.0014986036285643011,0.0013410655450911996,0.013057353321673699,0.09200320573600738,0.024370177779220743,0.006635230597717079,0.00016532396762577138,0.0022545565106913412,0.000550650931529886,0.0021003771193915796
0.006411986504822161,0.015035489849613703,0.1141162834235429,0.035137567892187166,9.815569079101027e-05,0.037946248733812526,0.0447970502589174,0.0004268531254140542,0.03625882952350758,5.370455712568056e-05,0.0005746082993186158,0.003846231717096242,0.04772536202280088,0.08727558539104961,0.004869013771517673,0.034905232595188025,2.5153693156899914e-05,0.007759853933273067,0.9999999999999999,0.017021046575518346,0.006137014165983452,0.014936748382737824,0.004151444021499487,0.017118516267274377,5.540204138160254e-05,0.009085208537030268,1.5975832646928506e-05,0.023398316749718644,0.10675755551818751,0.0043038345639622895,0.08331981084461502,0.01757976695031794,0.043525344477082784,0.02873176377407366,8.56865827368325e-05,0.00037057918644508615,0.09614611501424514,0.018051107824723547,0.17257188678071328,0.014300477842100381,0.074698966095775,0.21127661371999734,0.027452542649907694,0.05667249857415404,0.019391275399210105
0.006713876228769404,0.044764302621868035,0.2081960824262615,0.1680643808915566,0.012853802399710762,0.0019651269558739436,0.07031663517442255,0.0021568668416425537,0.004059357104510698,0.009351836887899534,0.04150310499834464,0.1479406609256485,0.00012741221280088144,0.003986568089108855,0.022866858503681586,1.4047785938367877e-05,0.06895645718820168,0.0017183840178399933,0.017021046575518353,0.9999999999999997,0.0008480202356957942,1.6929671544416158e-05,0.000594916655182201,1.6158885834049834e-05,0.009923619928874777,0.1178696634114769,0.01689768732959073,0.0035469254602723856,0.12826416135508295,0.006223580077590576,0.05796343697009392,0.9050314995022133,0.008006088822076977,0.008515330994444415,0.0021544633182002185,0.0029935122787710204,0.006849584918982167,0.017575521828714802,0.02601293140805222,0.013472422528514952,0.09039407135701931,0.039644236274956474,0.17500864363338858,0.0001108856876018971,0.06253589250773393
0.0006606476527950536,0.0013359792857615517,0.02529800240780005,0.01683511575558658,0.005544968851368185,0.05698897816571422,0.0019703732807698875,0.002114891972817958,0.0002683249868683208,0.0052836583848868066,0.0012068263678287677,3.4793335017600444e-05,0.025637104778588896,0.0018842196027116427,0.022302727462992333,0.027805088873702984,0.014643807122937369,0.0017831084440292143,0.00613701416598344,0.0008480202356957942,1.0000000000000007,0.0017642055190020007,0.012785876482775505,0.1237823954295626,0.004627728625708195,0.0005722142128901635,0.0334952085911383,0.0343357764424732,0.021595314961574404,0.00025331502514456747,0.013540083207669298,0.0012306391389818767,0.0167082076065193,0.0005574843547999815,0.04536608319253774,0.03602404059975144,0.005159877560457175,0.0076210071771054535,0.024631520614770502,0.008399457376323157,0.008547951723139897,0.014573622121093623,0.01060247248865259,0.02349014216938932,0.0012151744157328113
0.07438852646532804,1.3021189223754066e-05,0.000826881376870512,7.796702455431515e-06,5.060264148417856e-05,0.03748783334635491,0.0001523931375080152,0.008019785624435102,0.06193312750443916,0.0006216014372092014,0.0181710586816031,6.95433674957704e-05,0.00010851856477297334,0.029000845943416717,0.04700216319462927,0.011434488718695719,1.1660147755073944e-05,0.0004961243097915706,0.01493674838273781,1.6929671544416158e-05,0.001764205519001987,1.0000000000000007,6.510440077787949e-06,2.4959664473330324e-05,6.723694002213482e-06,0.015729695403273423,0.0017596858115991008,0.003553007024932041,0.0010120593680787915,0.02234187644779324,0.004271029068716328,3.2185432419114084e-05,0.012578004921016277,0.006700944343390266,7.548332789089878e-05,0.00022025855414071788,0.012480292055447007,0.0009965106943459325,0.006108854939560065,0.018486181176385307,0.00017164945007357981,0.0007484414534674241,0.0004709627913166201,0.00014012586634714035,0.05675835104965905
0.00019398256164569402,0.0686940986740782,0.0031729207751241273,0.005698358221364774,0.0883973528676001,0.03908252059251292,0.020815813171156133,0.0018824720007917348,0.006526987448875393,0.0647448535225667,0.0034238554296344937,0.22412851686899937,0.24189093124606975,0.0063323411052139695,0.005528572783202224,0.0011888373939541157,0.28495910285673787,0.006380925160164802,0.004151444021499473,0.000594916655182201,0.012785876482775526,6.5104400777831785e-06,1.0000000000000002,9.524860546411204e-05,0.10970803423914481,0.08611322135747013,0.0509654300241911,1.3871137808040522e-05,0.0017097678196449362,0.02031570034896953,0.003745767186201808,0.0005086901420995465,0.003778983822344385,0.0006081153517003696,0.21529083213909747,0.03108835193021338,0.00044935321409158603,0.02056811069125177,0.0003456805681907628,0.0005474485305485832,1.410899657006831e-05,0.05446994949121309,0.00011874998392777392,0.22480117733239796,6.956320687546633e-05
0.00038490824680641504,9.222141533198492e-06,0.005523528720967937,0.0020466177852967154,0.0010407819187366798,0.04383809588951211,0.0004412562684478188,0.07538893209711717,0.0022679844897377024,0.0026574713781446213,0.025288085464280224,2.7574154693703855e-05,0.00012645089863087475,0.0036932076611751784,0.01729029817636964,0.1209183686722741,0.003670538873416323,0.01107532225559887,0.017118516267274356,1.6158885834055906e-05,0.12378239542956268,2.4959664473330324e-05,9.524860546409296e-05,0.9999999999999999,0.0004663850041950555,0.0007022859137728659,0.04217354461910832,2.7344181218839523e-05,0.0007227430611682472,0.00036203895163450673,0.0020045207850469225,0.00013979919520733242,0.02781910762636918,0.000690682228495862,0.0039330332252786385,0.002484751237534767,0.0076309539693191885,0.05762980760405559,0.03431881667130002,0.03230169429274238,0.0003172535530277412,0.0023983822764783516,0.000781656172280939,0.0012773481279422828,0.0002078726866053093
0.012084378541860155,0.0457271728659019,0.005454258445984572,0.005900138441714775,0.9258164626416088,0.0018606268287628056,0.08747138630242107,0.00983332546256446,0.002033978697035227,0.7496011188214735,0.004977091641654975,0.00497520153429426,0.10258811956661074,0.00022117079334903547,0.014357448376104434,0.0003114820531271078,0.10923463782269331,0.01095098491018214,5.540204138158866e-05,0.00992361992887475,0.004627728625708198,6.723694002211747e-06,0.10970803423914476,0.0004663850041950572,1.0,0.032463456134860416,0.012338298122784336,0.0005191394695881306,0.03408287222663442,0.042672710382859816,0.022154037092437698,0.01045231913593353,0.007407217818333686,0.011759960219911558,0.04556228750389416,0.00964538914151859,0.004921747033384383,0.02925750746737485,0.0038038381931604706,0.0028841661417564612,0.016776097471124407,0.0008129291783901538,0.00027485433920169944,0.09947824792386231,0.01389607984324558
0.00042502896220225454,0.0006720923352190426,0.023068592444195263,0.016746388614129526,0.037417022795270885,0.004008052031604033,0.10976810823171171,0.0009848654822857718,0.012162583254349525,0.04112983832001192,0.017898760166215725,0.44630879536556656,0.06271187678287571,0.002777518162594854,0.008645346808482526,0.0020333242060432714,0.009082439710328058,0.0005745299865670328,0.00908520853703029,0.1178696634114769,0.0005722142128901757,0.015729695403273423,0.0861132213574701,0.0007022859137728616,0.032463456134860416,1.0000000000000002,0.0030240274292515704,0.004950572774381699,0.03276921299776819,0.03251793887701277,0.15978368037517074,0.0850273579903508,0.016372972102164478,0.0008694427790306254,0.0023663405083322216,0.00035097192641523993,0.00018733015556113113,0.0009443920319775027,0.007676640183540575,0.06990087115003506,0.026746545769964263,0.09487421978541777,0.002421032163364357,0.06470666185273391,0.0034525376986472203
0.0066250455092021305,0.04767713977215354,0.029427583089562538,0.01592317808623892,0.01846601859382898,0.001032742025485896,0.0015319570023385638,0.010117604894490439,0.0005678846708710601,0.03444657053389344,0.002711731762332466,0.0031810961111259327,0.02201327580303722,0.00015727569072511178,2.5768915575078225e-05,0.0426617050391193,0.17969597256030898,0.00790841868135866,1.597583264690769e-05,0.016897687329590724,0.03349520859113831,0.0017596858115991078,0.0509654300241911,0.042173544619108334,0.012338298122784336,0.00302402742925156,1.0000000000000013,0.010628229345227462,0.0075614067223626555,0.0006537497829320702,0.017251296609265658,0.011185959372468406,0.000389490695524743,0.013222991075729829,0.182714136044792,0.00018632901604349276,0.012814493346609272,0.003674649546202352,0.010469672785880423,0.00015667711191508314,0.012669073614807042,5.419346724900437e-05,0.010325889013427802,0.024455925580985596,0.002239996799444503
0.0014134398566468397,0.022815989524192285,0.0026553156404489388,7.850068776446735e-05,0.004816443923490572,0.018081438771772772,0.0017911551007577,0.0029452863290372455,0.014463436627915813,0.020150081962226916,0.010639387696967026,3.0220105958205824e-05,0.003524984766731555,0.00035515916400805146,0.012837354963607401,3.2296352945776735e-05,0.002253140173527666,0.0029847715019937545,0.023398316749718658,0.0035469254602723908,0.03433577644247319,0.0035530070249320585,1.3871137808037053e-05,2.7344181218846462e-05,0.0005191394695881306,0.004950572774381702,0.0106282293452275,1.0000000000000002,0.000507434686030421,0.01161177277619468,0.01774151642113163,0.0035024795854215257,0.021111346261296963,0.005665129995179459,0.004321045511304742,0.13979727443917178,0.0016995404844683379,0.006755118359161762,0.0004185973095779585,0.0022148495590639593,0.0003433029447139123,0.00459794313382178,0.0002797740908273131,0.01627430672332312,0.0316176058973883
0.0006246747036269713,0.07678084965517912,0.7464834168747658,0.42400907208881145,0.047530044685048733,0.02023671700316028,0.14870256578172786,0.00015821301078152404,0.00046078070473853927,0.05414239528156467,0.009839479256605317,0.0545649530629599,0.03745292118016674,0.0007874831276068507,0.042541199656660866,0.0001553086932514769,0.03611361829630823,0.00045995741582532425,0.10675755551818752,0.12826416135508298,0.0215953149615744,0.0010120593680787932,0.0017097678196449362,0.0007227430611682524,0.034082872226634475,0.03276921299776821,0.007561406722362662,0.0005074346860304245,1.0,0.029868932111894793,0.1403794638153126,0.09113704185225863,0.006063769246253868,4.6046374093921746e-05,0.0016256392455156407,0.004437893841511994,0.0007768198144771227,0.008045189477099979,0.032439660690912434,0.012769675604334261,0.01688693836950597,0.4570010747773055,0.028894021828149687,0.03467337337075352,0.005300170063475683
0.008884858049527253,0.00030384928277846224,0.02644198711322048,0.02284068064481515,0.04184637083844147,0.000911044087722794,0.007998066505839892,0.00032652910333213657,0.003220211574981283,0.03933749753568045,0.006561403648868315,0.0071761610264472805,0.0003194305846344579,0.00023805167329717493,0.024390959512862343,0.05461198760809376,0.0007418454067704972,0.0009689568257500011,0.004303834563962284,0.006223580077590576,0.0002533150251445523,0.02234187644779322,0.020315700348969543,0.00036203895163450695,0.042672710382859816,0.03251793887701277,0.0006537497829320624,0.011611772776194632,0.029868932111894772,1.000000000000001,0.021145814569529575,0.003024005794863699,0.009105230018773072,1.157276004361621e-05,0.000827512846250193,0.0033133826768269883,0.0058885114260768395,0.004855472238910896,0.006291313439101638,0.02458980125520364,7.962950757236208e-05,0.00659617855988702,0.008062915520405063,0.0010951801768875682,9.632100589539519e-05
0.0004860417105154056,0.002721010725098706,0.0731920847175068,0.011579678334929788,0.04139388723363284,0.029343187222419586,0.0343768076639001,0.0006408658235007494,0.0018126800798860224,0.06369716876622403,0.0031089313743968387,0.04177046072556722,0.029296686876827856,0.00013375873324513333,0.04189234182377799,0.0008384965608350392,0.040482192761153474,0.0003247447180565145,0.08331981084461501,0.057963436970093936,0.01354008320766932,0.004271029068716341,0.003745767186201815,0.0020045207850469503,0.022154037092437698,0.1597836803751707,0.01725129660926567,0.017741516421131587,0.1403794638153126,0.02114581456952952,1.0000000000000002,0.03284617731691487,0.0005608021179885365,0.0012508190890048601,0.005911324166102329,0.025771811703728872,0.0001894892522743049,0.003917147256246582,0.042026450186790784,0.03386374983677248,0.010823198496326455,0.14959136871911655,0.009798559854974232,0.049113442508146074,0.009066018668532494
0.020669247614014535,0.05560022102891163,0.15129940916008724,0.15648954757919437,0.010454516996488361,0.002711065788645793,0.061321615259899695,0.0011880342195063525,0.007116505146057961,0.005104529483028558,0.03650383122784368,0.14112356447989674,0.00010416224224282788,0.007688547360350321,0.03017601681974897,3.296632978077273e-05,0.05956488144998591,0.0031261113304706673,0.017579766950317932,0.9050314995022133,0.0012306391389818663,3.218543241910107e-05,0.0005086901420995327,0.00013979919520732548,0.010452319135933558,0.08502735799035083,0.01118595937246842,0.003502479585421525,0.09113704185225857,0.0030240057948636954,0.03284617731691484,0.9999999999999991,0.006359730828380435,0.00985552222464107,0.0036256463089282195,0.004249590958042339,0.025777986678771753,0.016344364884289968,0.023718133681740132,0.0026142910908102945,0.07921486842915888,0.03206361343085712,0.1665674428125489,7.919032529382641e-05,0.06129625501461184
0.022768263517803252,0.022659054217218616,0.011708985689664976,0.0034840944986044044,0.018295584453843404,0.0015494240034841485,0.0026178996597138807,0.000317172516116269,0.004340438113365919,0.032891645273041586,7.574938232679713e-05,0.017140927795601005,0.011506269286262456,0.0062172675552078695,0.008143233759310768,0.015019558446350577,0.011595646544927346,0.007292607073509901,0.043525344477082804,0.008006088822076977,0.0167082076065193,0.012578004921016293,0.0037789838223443815,0.027819107626369133,0.007407217818333697,0.01637297210216445,0.00038949069552475773,0.021111346261296935,0.006063769246253861,0.009105230018773041,0.0005608021179885608,0.006359730828380421,1.0000000000000009,0.027953903244567396,0.013863645780039676,0.014919266042344115,0.00855732721525901,0.0018566157654681037,0.0880191604607343,0.0027479279214563846,0.0746158607387332,0.009309621655631446,0.01014810351015319,0.02197908504712524,0.043589000371858505
0.0008113404546153339,0.003455330588198857,0.0003731011100601041,0.0015753824743096577,0.008968096831894952,0.0025145028805510887,0.0029408362880441463,0.0002410233896364566,0.14079956647200498,0.0049276146797797675,0.029111849331473264,0.012618024975414642,0.0007399053993336728,0.0012339721324829014,0.0018680261392769264,0.0046437367999688185,0.003417738750481964,0.00011872869235650038,0.028731763774073667,0.008515330994444419,0.0005574843547999692,0.006700944343390296,0.0006081153517003834,0.0006906822284958531,0.011759960219911561,0.0008694427790306124,0.013222991075729825,0.005665129995179476,4.604637409391828e-05,1.1572760043601464e-05,0.0012508190890048116,0.00985552222464107,0.027953903244567417,1.0000000000000007,0.004289555936021639,0.0002461321545274616,0.0001586195677143196,0.0016669388660915459,0.003275963857367174,0.002263472417353192,0.06747605408210436,0.003046224987530346,0.014123898022552574,0.0005757492442087751,0.12924587205409205
0.00574533485616592,0.015551774742510157,0.005563502821891067,0.0430924536006313,0.02631015545732905,0.0004722823178337932,0.005539447780570708,0.018629323802055578,0.001152071227319647,0.025424625683085997,0.0015913679099240005,0.009837835697852983,0.0017743168311058558,9.712792895928083e-05,0.00031856308489091115,0.0015366708217570367,0.2240588582489333,0.04092620743112067,8.568658273682209e-05,0.0021544633182002254,0.04536608319253775,7.548332789090052e-05,0.21529083213909747,0.003933033225278652,0.04556228750389416,0.0023663405083322042,0.18271413604479195,0.0043210455113047355,0.0016256392455156685,0.0008275128462502069,0.005911324166102329,0.0036256463089282265,0.013863645780039686,0.004289555936021625,1.0000000000000009,0.0021680407070371727,0.0006945247640009668,0.06565784901104568,0.00026699099232745625,0.002959749375814327,0.020667956801285896,6.517962824227619e-06,0.05424222536143509,0.003451132170777804,0.003984954608210893
0.003455775180226366,0.09586480778202304,0.005726686822731909,0.007329213153684684,0.011979594026548832,0.016019726694527076,0.0021810161281955107,0.0005462516136433081,0.00017457382551231142,0.008975852097055186,0.011398941877246662,0.0010006335228966903,0.00392911354931693,5.7551547936918364e-05,0.05947111765864068,0.0006032199958018324,0.10378605929321721,0.0014986036285643011,0.00037057918644505493,0.0029935122787710378,0.03602404059975145,0.00022025855414072482,0.03108835193021338,0.0024847512375347756,0.00964538914151859,0.000350971926415233,0.000186329016043478,0.13979727443917178,0.004437893841511997,0.003313382676826982,0.025771811703728886,0.004249590958042339,0.014919266042344101,0.00024613215452746074,0.002168040707037145,1.0000000000000002,0.0012539493823875937,0.02740562771912237,0.012974706690998485,0.005273210045355815,0.0018071817913430837,1.9419636300709725e-05,0.0015143775644344162,2.992657796205625e-05,0.010990995981908447
0.1580872330353728,0.0009048660872399798,0.0009229824770611225,0.020925838619295263,0.0016663463830796366,0.16068504576155646,0.004668006776599266,0.001410886752563545,0.00047454052310126637,0.0003004211028086873,0.006788716252876903,0.0030964723966057303,0.0012102284347869467,0.174216163664775,0.19949598187357515,0.004265635066230804,0.003884394797241236,0.0013410655450912137,0.09614611501424515,0.006849584918982148,0.005159877560457189,0.012480292055447019,0.00044935321409158603,0.007630953969319202,0.004921747033384386,0.0001873301555611502,0.012814493346609276,0.0016995404844683374,0.0007768198144771227,0.005888511426076843,0.0001894892522742997,0.02577798667877175,0.00855732721525901,0.00015861956771432676,0.0006945247640009616,0.0012539493823876219,1.0,0.02384369404163927,0.08710981029912272,0.014095342202765853,0.0013840035831376414,0.0010596462659079077,0.0020374643868794227,0.0005520730814523138,0.0007372843580285356
0.004267633782614367,0.007611025535045748,0.045771297455474605,0.1604283821287492,0.025377642097746136,0.013744643408267454,0.0758653538394688,6.74784976555389e-05,0.0007604992435456205,0.025790707374509753,4.342611340815705e-06,0.014837660071545678,0.009352356361659292,0.009995303905589144,0.005616592159178292,0.0028098029292443483,0.08011164416667421,0.013057353321673706,0.018051107824723543,0.01757552182871481,0.007621007177105428,0.0009965106943459379,0.020568110691251786,0.05762980760405558,0.029257507467374863,0.0009443920319774958,0.0036746495462023103,0.006755118359161762,0.008045189477100034,0.0048554722389109115,0.003917147256246582,0.016344364884289968,0.0018566157654680976,0.0016669388660915494,0.06565784901104568,0.027405627719122375,0.02384369404163927,0.9999999999999997,0.022071396248148314,0.03768235779246249,1.4263143637140846e-05,0.03138108059490834,0.00958755811156027,0.009302104927348322,0.000405798443008221
0.0022568553601162106,0.04675143317687502,0.07420721312590227,0.011384271599032339,0.006218797644283271,0.015105033777138148,0.008730280572248318,0.019266377040645197,0.0026231836172105295,0.00047481444468921996,0.0001582821606845564,0.005373654165426386,0.018894096405523537,0.00026678646717195236,0.027401414680064178,0.0002529043733984729,0.013926733696673818,0.09200320573600741,0.17257188678071325,0.026012931408052213,0.024631520614770502,0.0061088549395600785,0.00034568056819076626,0.034318816671300025,0.0038038381931604776,0.007676640183540549,0.010469672785880419,0.00041859730957798623,0.032439660690912434,0.006291313439101637,0.042026450186790826,0.02371813368174013,0.0880191604607343,0.0032759638573671723,0.00026699099232746146,0.012974706690998455,0.08710981029912275,0.022071396248148283,0.9999999999999999,0.024718712980054756,0.007473552362663309,0.016620197788023865,0.027285727723448422,0.03774068961096443,0.0023461378675704104
0.11487849806546829,0.004539016236939987,0.012172335702080699,0.016132903053748794,0.007060380012653616,0.029658147494425253,0.0050108475726649716,0.009529129412780097,0.0073987209341987974,0.013112428699662768,0.011654434967536044,0.003478102943900994,0.0029090908305890763,0.13273443323123282,0.008852015958223514,0.006852616501151537,0.02098358064468645,0.024370177779220757,0.014300477842100364,0.013472422528514948,0.008399457376323171,0.01848618117638534,0.0005474485305486144,0.03230169429274239,0.0028841661417564578,0.06990087115003508,0.00015667711191506752,0.002214849559063966,0.012769675604334256,0.024589801255203672,0.03386374983677251,0.0026142910908102945,0.0027479279214563707,0.0022634724173532126,0.002959749375814315,0.005273210045355794,0.014095342202765909,0.037682357792462505,0.024718712980054763,0.9999999999999999,0.0006891769624553954,0.01967059212835387,0.004055203525022877,0.00466140587313163,0.008816423994493849
0.0010098695623395296,0.030789755606296695,0.009967369689375602,0.001958358744075843,0.048188560419234916,0.015412517064164648,0.003038261653571725,0.00039452104128728707,0.0029241626464629935,0.04562219571636021,0.001353363875843535,0.01667412228956151,0.02953766910146118,0.004073618129587193,0.0064748341840277605,0.0016143742429508574,0.018162318731515484,0.006635230597717079,0.07469896609577498,0.09039407135701931,0.008547951723139881,0.00017164945007359543,1.410899657006831e-05,0.0003172535530277564,0.016776097471124407,0.026746545769964204,0.012669073614807045,0.0003433029447139249,0.01688693836950597,7.962950757237248e-05,0.010823198496326465,0.07921486842915888,0.07461586073873318,0.06747605408210439,0.020667956801285903,0.001807181791343081,0.0013840035831376545,1.426314363714258e-05,0.0074735523626633295,0.0006891769624553946,0.9999999999999994,0.07432372463105759,0.14282475808946338,0.02316791230182052,0.25804973253150437
0.0004975245564352929,0.029317889002942722,0.4141607279511812,0.29981138026912135,0.0009601111087504388,0.03444834010032512,0.357410842348834,0.0001363900190850028,0.0006957657213677391,0.0009774940737883875,0.0012137274872754608,0.019563177047095204,0.20734797828963558,0.004467124846668216,0.005024354110128325,0.0013473321275217524,0.00010397349070079276,0.00016532396762577138,0.21127661371999734,0.03964423627495642,0.01457362212109363,0.0007484414534674449,0.05446994949121309,0.002398382276478355,0.0008129291783900983,0.09487421978541773,5.419346724899049e-05,0.004597943133821787,0.45700107477730545,0.006596178559887034,0.14959136871911652,0.03206361343085709,0.00930962165563146,0.003046224987530339,6.517962824234558e-06,1.9419636300706256e-05,0.0010596462659078904,0.03138108059490834,0.01662019778802388,0.01967059212835389,0.07432372463105759,1.0000000000000002,0.005611758670659606,0.19778480654470368,0.015533785966714151
0.0013113316102187035,0.005710324238389767,0.033768950818818824,0.0022730794145643246,0.0001922416002132707,0.0009977949790762825,0.0033548589128149474,0.005933005958617823,0.010223797876332551,8.676868683308442e-05,0.004590894410946303,0.002297187946039829,2.7101958231717793e-05,0.0015683442475011968,0.005979968672200839,0.0006075707574425479,0.001175229037843506,0.0022545565106913542,0.0274525426499077,0.17500864363338858,0.010602472488652648,0.0004709627913166354,0.00011874998392777392,0.0007816561722809468,0.00027485433920169944,0.002421032163364343,0.010325889013427791,0.00027977409082732005,0.028894021828149666,0.008062915520405056,0.009798559854974201,0.1665674428125489,0.01014810351015319,0.014123898022552546,0.05424222536143509,0.0015143775644344236,0.0020374643868794084,0.009587558111560264,0.027285727723448422,0.004055203525022884,0.1428247580894634,0.0056117586706596265,1.0000000000000004,2.386470166292759e-05,0.09641655741804236
0.0003743650444205833,0.030453966892698886,0.07267558243174807,0.041941553143324234,0.12613891247402187,0.0338562444888848,0.05441248396522268,0.0026119223817015983,0.0005074420962719811,0.13287516684390105,0.00282393515455958,0.10272433988651258,0.9265381831290185,0.0022815731519893433,0.03040867585564137,0.0004557855496471969,0.07436039570964667,0.0005506509315298912,0.05667249857415408,0.0001108856876018971,0.023490142169389317,0.00014012586634713168,0.22480117733239802,0.0012773481279422863,0.09947824792386231,0.06470666185273394,0.024455925580985617,0.01627430672332313,0.03467337337075352,0.0010951801768875787,0.04911344250814607,7.919032529382641e-05,0.02197908504712525,0.000575749244208789,0.003451132170777804,2.992657796205278e-05,0.0005520730814523207,0.009302104927348329,0.03774068961096443,0.004661405873131633,0.023167912301820533,0.19778480654470368,2.3864701662913712e-05,0.9999999999999998,0.002310466892288039
0.019862153960676327,0.008145955133621445,0.003299956053399049,0.0015813151673199632,0.027822414991557052,0.015406912187553398,0.009088584198671756,0.026127241399918816,0.029662659481621525,0.028671777484115604,0.0023672237623823555,0.004751647832653432,0.004613090810809982,0.03330755881252666,0.014242724089444245,0.021632575526845263,0.010907012234125772,0.0021003771193915865,0.01939127539921011,0.06253589250773393,0.0012151744157328117,0.05675835104965904,6.956320687546633e-05,0.00020787268660536133,0.01389607984324558,0.0034525376986471994,0.0022399967994445125,0.0316176058973883,0.00530017006347569,9.632100589539432e-05,0.009066018668532494,0.06129625501461182,0.04358900037185846,0.12924587205409202,0.0039849546082108955,0.010990995981908423,0.0007372843580285213,0.00040579844300821927,0.0023461378675704156,0.008816423994493828,0.25804973253150437,0.015533785966714161,0.09641655741804236,0.002310466892288067,0.9999999999999998
