0,1,2,3,4,5,6,7,8,9,10,11,12,13,14,15,16,17,18,19,20,21
1.0,0.00142976541881208,0.0013267621133321856,0.01593494864764749,0.020680933751155203,0.015712574685932644,0.0027635454717917433,0.011698555220557781,0.013528352842981655,0.013528352842981655,0.4042500190431488,0.01593494864764749,0.011110089022549008,0.013528352842981655,0.01424126223242251,0.002182396898955989,0.021126618478854036,0.0005381404473017834,0.013028517737744558,0.4042500190431488,0.00028694599772835136,0.008316365422057742
0.00142976541881208,1.0,0.0024384373188261563,0.003953394874918609,0.012155077494733109,0.004206882063553295,0.004575196668297027,0.0005268775538645453,0.005078354172226485,0.005078354172226485,0.0011181279151053964,0.003953394874918609,0.0049577666810664426,0.005078354172226485,0.0013814561864067107,0.005429862837078309,0.039325861068723045,0.5096057731545611,0.002447170433299414,0.0011181279151053964,0.04552248734812109,0.12173418817834239
0.0013267621133321856,0.0024384373188261563,1.0,0.04329344078764502,0.00780185723795989,0.03086171488766411,0.002974466362137454,0.15105819844189766,0.15677767381128693,0.15677767381128693,0.0017381822589005165,0.04329344078764502,0.006454793439343764,0.15677767381128693,0.010671764353604256,0.009297889034066469,0.04186981387465624,0.001727982210931731,0.029307109322821618,0.0017381822589005165,0.008374921970730427,0.010103334462342945
0.01593494864764749,0.003953394874918609,0.04329344078764502,1.0,0.043974202961974504,0.0377471507968509,0.023464605234437365,0.07549850138670813,0.055139755894939774,0.055139755894939774,0.0021699678764254904,1.0,0.0812648634166573,0.055139755894939774,0.03499174837761754,0.008706096517941405,0.051436721480069024,0.003084873086885936,0.05096599171946361,0.0021699678764254904,0.002091882147845067,0.00043286090579039096
0.020680933751155203,0.012155077494733109,0.00780185723795989,0.043974202961974504,1.0,0.035457438403950534,0.02471298796462643,0.019221767512490624,0.002498229590797708,0.002498229590797708,0.0001442766893344334,0.043974202961974504,0.010124073109509607,0.002498229590797708,0.004487415739765817,0.06816900003871842,0.023695302801983734,0.04242414129780324,0.013810431029763481,0.0001442766893344334,0.006620080147697797,0.04788007567138364
0.015712574685932644,0.004206882063553295,0.03086171488766411,0.0377471507968509,0.035457438403950534,1.0,0.043397355693559535,0.004056333116083199,0.01346127314136512,0.01346127314136512,0.0028984114383675047,0.0377471507968509,0.0012453738907279746,0.01346127314136512,0.012857404327961336,0.039318920411003114,0.033410860192822016,0.012462782816944655,0.003681763341072143,0.0028984114383675047,0.0038338239803761428,0.04445122721982107
0.0027635454717917433,0.004575196668297027,0.002974466362137454,0.023464605234437365,0.02471298796462643,0.043397355693559535,1.0,9.410556492853026e-05,0.006541877521314137,0.006541877521314137,0.0014557830964526048,0.023464605234437365,0.047261529624741005,0.006541877521314137,0.0033788570322539437,0.016509873893257466,0.03746083616752905,0.002664761512784572,0.049549761898237836,0.0014557830964526048,0.014811697326526903,0.13301431567309321
0.011698555220557781,0.0005268775538645453,0.15105819844189766,0.07549850138670813,0.019221767512490624,0.004056333116083199,9.410556492853026e-05,1.0,0.2472097831838894,0.2472097831838894,0.021109710447313624,0.07549850138670813,0.014471832194276685,0.2472097831838894,0.030052801669068437,1.0114869254149494e-05,0.018372356089630632,0.0007758882813785022,0.009261114593591734,0.021109710447313624,0.07717970824741273,0.0007425208592258648
0.013528352842981655,0.005078354172226485,0.15677767381128693,0.055139755894939774,0.002498229590797708,0.01346127314136512,0.006541877521314137,0.2472097831838894,1.0,1.0,0.0040405770091713,0.055139755894939774,0.02850359740687136,1.0,0.015391868566023087,0.0023686631429941855,0.026462893100284622,0.01478945819501802,0.015820006155435096,0.0040405770091713,0.00015274457869123747,0.024828868638143212
0.013528352842981655,0.005078354172226485,0.15677767381128693,0.055139755894939774,0.002498229590797708,0.01346127314136512,0.006541877521314137,0.2472097831838894,1.0,1.0,0.0040405770091713,0.055139755894939774,0.02850359740687136,1.0,0.015391868566023087,0.0023686631429941855,0.026462893100284622,0.01478945819501802,0.015820006155435096,0.0040405770091713,0.00015274457869123747,0.024828868638143212
0.4042500190431488,0.0011181279151053964,0.0017381822589005165,0.0021699678764254904,0.0001442766893344334,0.0028984114383675047,0.0014557830964526048,0.021109710447313624,0.0040405770091713,0.0040405770091713,1.0,0.0021699678764254904,0.0035975239418376045,0.0040405770091713,0.018831528763336405,0.0013232880901051162,0.0037598976936577054,0.001532740442513905,0.020332639756014216,1.0,0.0008654509698336902,0.0033353678489338734
0.01593494864764749,0.003953394874918609,0.04329344078764502,1.0,0.043974202961974504,0.0377471507968509,0.023464605234437365,0.07549850138670813,0.055139755894939774,0.055139755894939774,0.0021699678764254904,1.0,0.0812648634166573,0.055139755894939774,0.03499174837761754,0.008706096517941405,0.051436721480069024,0.003084873086885936,0.05096599171946361,0.0021699678764254904,0.002091882147845067,0.00043286090579039096
0.011110089022549008,0.0049577666810664426,0.006454793439343764,0.0812648634166573,0.010124073109509607,0.0012453738907279746,0.047261529624741005,0.014471832194276685,0.02850359740687136,0.02850359740687136,0.0035975239418376045,0.0812648634166573,1.0,0.02850359740687136,0.0005747419172647598,0.017049000051029134,0.010128502106280671,0.006314577150807947,0.10884096827577007,0.0035975239418376045,0.0030053645565553686,0.03377683881866844
0.013528352842981655,0.005078354172226485,0.15677767381128693,0.055139755894939774,0.002498229590797708,0.01346127314136512,0.006541877521314137,0.2472097831838894,1.0,1.0,0.0040405770091713,0.055139755894939774,0.02850359740687136,1.0,0.015391868566023087,0.0023686631429941855,0.026462893100284622,0.01478945819501802,0.015820006155435096,0.0040405770091713,0.00015274457869123747,0.024828868638143212
0.01424126223242251,0.0013814561864067107,0.010671764353604256,0.03499174837761754,0.004487415739765817,0.012857404327961336,0.0033788570322539437,0.030052801669068437,0.015391868566023087,0.015391868566023087,0.018831528763336405,0.03499174837761754,0.0005747419172647598,0.015391868566023087,1.0,0.0196783490292278,0.010454830019618328,0.0012491308892995103,0.010756457530732288,0.018831528763336405,0.002465110728833665,0.006694267191282298
0.002182396898955989,0.005429862837078309,0.009297889034066469,0.008706096517941405,0.06816900003871842,0.039318920411003114,0.016509873893257466,1.0114869254149494e-05,0.0023686631429941855,0.0023686631429941855,0.0013232880901051162,0.008706096517941405,0.017049000051029134,0.0023686631429941855,0.0196783490292278,1.0,0.03994206621977468,0.005049167739955492,0.015643221279349775,0.0013232880901051162,0.0020862529342688106,0.020231447642808563
0.021126618478854036,0.039325861068723045,0.04186981387465624,0.051436721480069024,0.023695302801983734,0.033410860192822016,0.03746083616752905,0.018372356089630632,0.026462893100284622,0.026462893100284622,0.0037598976936577054,0.051436721480069024,0.010128502106280671,0.026462893100284622,0.010454830019618328,0.03994206621977468,1.0,0.04047614675748598,0.02882430770612179,0.0037598976936577054,0.006571461475083203,0.0019713353410219002
0.0005381404473017834,0.5096057731545611,0.001727982210931731,0.003084873086885936,0.04242414129780324,0.012462782816944655,0.002664761512784572,0.0007758882813785022,0.01478945819501802,0.01478945819501802,0.001532740442513905,0.003084873086885936,0.006314577150807947,0.01478945819501802,0.0012491308892995103,0.005049167739955492,0.04047614675748598,1.0,0.02746788679349256,0.001532740442513905,0.01570083870257988,0.4243392171197897
0.013028517737744558,0.002447170433299414,0.029307109322821618,0.05096599171946361,0.013810431029763481,0.003681763341072143,0.049549761898237836,0.009261114593591734,0.015820006155435096,0.015820006155435096,0.020332639756014216,0.05096599171946361,0.10884096827577007,0.015820006155435096,0.010756457530732288,0.015643221279349775,0.02882430770612179,0.02746788679349256,1.0,0.020332639756014216,0.004240787932029198,0.017050250091803124
0.4042500190431488,0.0011181279151053964,0.0017381822589005165,0.0021699678764254904,0.0001442766893344334,0.0028984114383675047,0.0014557830964526048,0.021109710447313624,0.0040405770091713,0.0040405770091713,1.0,0.0021699678764254904,0.0035975239418376045,0.0040405770091713,0.018831528763336405,0.0013232880901051162,0.0037598976936577054,0.001532740442513905,0.020332639756014216,1.0,0.0008654509698336902,0.0033353678489338734
0.00028694599772835136,0.04552248734812109,0.008374921970730427,0.002091882147845067,0.006620080147697797,0.0038338239803761428,0.014811697326526903,0.07717970824741273,0.00015274457869123747,0.00015274457869123747,0.0008654509698336902,0.002091882147845067,0.0030053645565553686,0.00015274457869123747,0.002465110728833665,0.0020862529342688106,0.006571461475083203,0.01570083870257988,0.004240787932029198,0.0008654509698336902,1.0,0.010853793873812616
0.008316365422057742,0.12173418817834239,0.010103334462342945,0.00043286090579039096,0.04788007567138364,0.04445122721982107,0.13301431567309321,0.0007425208592258648,0.024828868638143212,0.024828868638143212,0.0033353678489338734,0.00043286090579039096,0.03377683881866844,0.024828868638143212,0.006694267191282298,0.020231447642808563,0.0019713353410219002,0.4243392171197897,0.017050250091803124,0.0033353678489338734,0.010853793873812616,1.0
