row_id,split,true_label
102,train,2
448,train,0
783,train,1
375,train,0
137,train,2
218,train,2
185,train,2
779,train,1
462,train,0
826,train,1
165,train,2
154,train,2
645,train,1
283,train,2
808,train,1
823,train,1
807,train,1
38,train,2
54,train,2
280,train,2
638,train,0
530,train,0
301,train,2
716,train,1
278,train,2
311,train,2
12,train,2
292,train,2
571,train,0
358,train,0
497,train,0
490,train,0
838,train,1
125,train,2
715,train,1
469,train,0
717,train,1
69,train,2
65,train,2
204,train,2
107,train,2
880,train,1
853,train,1
544,train,0
718,train,1
335,train,0
458,train,0
581,train,0
665,train,1
52,train,2
159,train,2
797,train,1
505,train,0
730,train,1
940,train,1
216,train,2
441,train,0
349,train,0
463,train,0
187,train,2
703,train,1
614,train,0
649,train,1
541,train,0
724,train,1
556,train,0
673,train,1
319,train,2
136,train,2
459,train,0
870,train,1
200,train,2
713,train,1
759,train,1
388,train,0
337,train,0
392,train,0
596,train,0
561,train,0
446,train,0
394,train,0
219,train,2
862,train,1
114,train,2
924,train,1
816,train,1
682,train,1
168,train,2
350,train,0
851,train,1
248,test,2
812,test,1
750,test,1
361,test,0
590,test,0
884,test,1
470,test,0
20,test,2
503,test,0
744,test,1
864,test,1
44,test,2
384,test,0
387,test,0
169,test,2
275,test,2
722,test,1
28,test,2
461,test,0
172,test,2
695,test,1
937,test,1
576,test,0
46,test,2
510,test,0
291,test,2
842,test,1
225,test,2
365,test,0
843,test,1
