0,1,2,3,4,5,6,7,8,9,10,11,12,13,14,15,16,17,18,19,20,21,22,23,24,25,26,27,28,29,30,31,32,33,34,35,36,37,38,39,40,41,42,43,44,45,46,47,48,49,50,51,52,53,54,55,56,57,58,59,60,61,62,63,64,65,66
1.0,0.19348464154724537,0.05025303430377139,0.06745084322656182,0.023009008664505174,0.06499964450850419,0.3212866597480122,0.36994928227450974,0.06981062704262611,0.42896928524075906,0.6007032426695765,0.035974825323380775,0.19348464154724537,0.4270415954311655,0.01384590004829219,0.01693827412795368,1.0,0.12670526277552696,0.023009008664505174,0.06745084322656182,0.013558273409067633,0.15202482941472117,0.7908375801596749,0.3219534594138572,0.12670526277552696,0.6007032426695765,0.06789876665020345,0.7908375801596749,0.013558273409067633,0.4270415954311655,0.36994928227450974,0.06789876665020345,0.056487909699933614,0.01693827412795368,0.06499964450850419,0.01384590004829219,0.7908375801596749,0.4270415954311655,0.1392845162547997,0.3212866597480122,0.06789876665020345,0.06789876665020345,0.07830540962094672,0.035974825323380775,0.06789876665020345,0.05025303430377139,0.4270415954311655,0.06745084322656182,0.01693827412795368,0.01384590004829219,0.05025303430377139,0.056487909699933614,0.7908375801596749,0.0213116587138568,0.30032356049261366,0.035974825323380775,0.15202482941472117,0.01693827412795368,0.013558273409067633,0.05025303430377139,0.01693827412795368,1.0,0.12670526277552696,0.19348464154724537,0.09061173528330177,0.1392845162547997,0.06789876665020345
0.19348464154724537,1.0,0.09639609438649521,0.055233828680086576,0.06565318236143215,0.04641168872659952,0.045423343076325645,0.5411460115905824,0.051498424627194374,0.16963586844120224,0.04416709590124949,0.02197362360818878,1.0,0.18620142291646563,0.1603752849637615,0.12938600577803036,0.19348464154724537,0.021048327594972507,0.06565318236143215,0.055233828680086576,0.06325554433819212,0.36492344944994515,0.24311810094545075,0.1041069265575092,0.021048327594972507,0.04416709590124949,0.024328111593915742,0.24311810094545075,0.06325554433819212,0.18620142291646563,0.5411460115905824,0.024328111593915742,0.029215292880304077,0.12938600577803036,0.04641168872659952,0.1603752849637615,0.24311810094545075,0.18620142291646563,0.015298324353330818,0.045423343076325645,0.024328111593915742,0.024328111593915742,0.17172850474370194,0.02197362360818878,0.024328111593915742,0.09639609438649521,0.18620142291646563,0.055233828680086576,0.12938600577803036,0.1603752849637615,0.09639609438649521,0.029215292880304077,0.24311810094545075,0.13700994238614586,0.09594211742551861,0.02197362360818878,0.36492344944994515,0.12938600577803036,0.06325554433819212,0.09639609438649521,0.12938600577803036,0.19348464154724537,0.021048327594972507,1.0,0.056257314368952926,0.015298324353330818,0.024328111593915742
0.05025303430377139,0.09639609438649521,1.0,0.11597983556128703,0.11841820045221366,0.020932301880973038,0.021952823417500968,0.22193189487027842,0.684762517499866,0.10736652348526961,0.0022226750728573407,0.3293300156168229,0.09639609438649521,0.0013196388840662609,0.019245277653567806,0.09695660564816112,0.05025303430377139,0.3169684292010299,0.11841820045221366,0.11597983556128703,0.025521857220091544,0.19647205792600345,0.12439702251489869,0.09559370593386618,0.3169684292010299,0.0022226750728573407,0.02651081202922621,0.12439702251489869,0.025521857220091544,0.0013196388840662609,0.22193189487027842,0.02651081202922621,0.040321467174832905,0.09695660564816112,0.020932301880973038,0.019245277653567806,0.12439702251489869,0.0013196388840662609,0.1056109676688926,0.021952823417500968,0.02651081202922621,0.02651081202922621,0.011977471726330761,0.3293300156168229,0.02651081202922621,1.0,0.0013196388840662609,0.11597983556128703,0.09695660564816112,0.019245277653567806,1.0,0.040321467174832905,0.12439702251489869,0.04448475931871156,0.0003481545230612986,0.3293300156168229,0.19647205792600345,0.09695660564816112,0.025521857220091544,1.0,0.09695660564816112,0.05025303430377139,0.3169684292010299,0.09639609438649521,0.08623250742772166,0.1056109676688926,0.02651081202922621
0.06745084322656182,0.055233828680086576,0.11597983556128703,1.0,0.0006044127384611002,0.053507073698117226,0.41840054988268505,0.022100573540740368,0.11673738600867678,0.2700509230327695,0.34633573105303284,0.21232005418695685,0.055233828680086576,0.005649080925977539,0.1051984424324335,0.8798747114306378,0.06745084322656182,0.22226924166216738,0.0006044127384611002,1.0,0.21420333766198627,0.04802398215018882,0.06941540467449088,0.09632864308660817,0.22226924166216738,0.34633573105303284,0.19775941961805693,0.06941540467449088,0.21420333766198627,0.005649080925977539,0.022100573540740368,0.19775941961805693,0.03866801651335577,0.8798747114306378,0.053507073698117226,0.1051984424324335,0.06941540467449088,0.005649080925977539,0.02654727568597723,0.41840054988268505,0.19775941961805693,0.19775941961805693,0.19618971929411239,0.21232005418695685,0.19775941961805693,0.11597983556128703,0.005649080925977539,1.0,0.8798747114306378,0.1051984424324335,0.11597983556128703,0.03866801651335577,0.06941540467449088,0.08653638991608294,0.21976115229593182,0.21232005418695685,0.04802398215018882,0.8798747114306378,0.21420333766198627,0.11597983556128703,0.8798747114306378,0.06745084322656182,0.22226924166216738,0.055233828680086576,9.736549160314174e-05,0.02654727568597723,0.19775941961805693
0.023009008664505174,0.06565318236143215,0.11841820045221366,0.0006044127384611002,1.0,0.27627145447968937,0.16849325553212852,0.01792010703899572,0.0009594931572083852,0.04771058185544815,0.08007110459295537,0.26153998953381646,0.06565318236143215,0.08017841609999286,0.1336388131611068,0.0028045208072705837,0.023009008664505174,0.033470598703437646,1.0,0.0006044127384611002,0.10059180810515832,0.02067212005104497,0.11168165076163009,0.2159219316527775,0.033470598703437646,0.08007110459295537,0.048383049839227824,0.11168165076163009,0.10059180810515832,0.08017841609999286,0.01792010703899572,0.048383049839227824,0.01478327692910821,0.0028045208072705837,0.27627145447968937,0.1336388131611068,0.11168165076163009,0.08017841609999286,0.2693962851005789,0.16849325553212852,0.048383049839227824,0.048383049839227824,0.10360075759223239,0.26153998953381646,0.048383049839227824,0.11841820045221366,0.08017841609999286,0.0006044127384611002,0.0028045208072705837,0.1336388131611068,0.11841820045221366,0.01478327692910821,0.11168165076163009,0.04342669618522476,0.07755065286302495,0.26153998953381646,0.02067212005104497,0.0028045208072705837,0.10059180810515832,0.11841820045221366,0.0028045208072705837,0.023009008664505174,0.033470598703437646,0.06565318236143215,0.8781360389537493,0.2693962851005789,0.048383049839227824
0.06499964450850419,0.04641168872659952,0.020932301880973038,0.053507073698117226,0.27627145447968937,1.0,0.06355411918883824,0.07474754314068616,0.12220400969561224,0.1359373288841759,0.003095377788147337,0.056268456844837604,0.04641168872659952,0.17328269532054721,0.4846147356389632,0.039085961503557094,0.06499964450850419,0.13763338308290957,0.27627145447968937,0.053507073698117226,0.008204770230534534,0.2183394015770273,0.05119166285298532,0.04315549742681408,0.13763338308290957,0.003095377788147337,0.0002556914086376825,0.05119166285298532,0.008204770230534534,0.17328269532054721,0.07474754314068616,0.0002556914086376825,0.3153780914032058,0.039085961503557094,1.0,0.4846147356389632,0.05119166285298532,0.17328269532054721,0.03442943128573262,0.06355411918883824,0.0002556914086376825,0.0002556914086376825,0.2659680765725797,0.056268456844837604,0.0002556914086376825,0.020932301880973038,0.17328269532054721,0.053507073698117226,0.039085961503557094,0.4846147356389632,0.020932301880973038,0.3153780914032058,0.05119166285298532,0.1586830866538205,0.10584903132627713,0.056268456844837604,0.2183394015770273,0.039085961503557094,0.008204770230534534,0.020932301880973038,0.039085961503557094,0.06499964450850419,0.13763338308290957,0.04641168872659952,0.13778456317672372,0.03442943128573262,0.0002556914086376825
0.3212866597480122,0.045423343076325645,0.021952823417500968,0.41840054988268505,0.16849325553212852,0.06355411918883824,1.0,0.051426865470454025,0.01468754900574878,0.1944082541993824,0.4476466780694284,0.07609156358566185,0.045423343076325645,0.018201647521049386,0.08823016837940859,0.3072483487227869,0.3212866597480122,0.1852468078469822,0.16849325553212852,0.41840054988268505,0.08583145712965158,0.04858639226231509,0.4096745080857915,0.08445178462011399,0.1852468078469822,0.4476466780694284,0.10016679656184536,0.4096745080857915,0.08583145712965158,0.018201647521049386,0.051426865470454025,0.10016679656184536,0.28790236932853824,0.3072483487227869,0.06355411918883824,0.08823016837940859,0.4096745080857915,0.018201647521049386,0.011210210721065626,1.0,0.10016679656184536,0.10016679656184536,0.474093352898957,0.07609156358566185,0.10016679656184536,0.021952823417500968,0.018201647521049386,0.41840054988268505,0.3072483487227869,0.08823016837940859,0.021952823417500968,0.28790236932853824,0.4096745080857915,0.24553212945821162,0.15187787294359523,0.07609156358566185,0.04858639226231509,0.3072483487227869,0.08583145712965158,0.021952823417500968,0.3072483487227869,0.3212866597480122,0.1852468078469822,0.045423343076325645,0.12464240171462934,0.011210210721065626,0.10016679656184536
0.36994928227450974,0.5411460115905824,0.22193189487027842,0.022100573540740368,0.01792010703899572,0.07474754314068616,0.051426865470454025,1.0,0.18723336093066556,0.28737489967454616,0.17512398251286942,0.03312807454357435,0.5411460115905824,0.12388781535274036,0.2371931436496686,0.041232899445336736,0.36994928227450974,0.15749496744965782,0.01792010703899572,0.022100573540740368,0.1876672896843515,0.23054250940151963,0.4779497549411589,0.6499520161800016,0.15749496744965782,0.17512398251286942,0.1648973919270725,0.4779497549411589,0.1876672896843515,0.12388781535274036,1.0,0.1648973919270725,0.0689052799662838,0.041232899445336736,0.07474754314068616,0.2371931436496686,0.4779497549411589,0.12388781535274036,0.012583304142374734,0.051426865470454025,0.1648973919270725,0.1648973919270725,0.33993705772589744,0.03312807454357435,0.1648973919270725,0.22193189487027842,0.12388781535274036,0.022100573540740368,0.041232899445336736,0.2371931436496686,0.22193189487027842,0.0689052799662838,0.4779497549411589,0.04418218557569965,0.02736455192452399,0.03312807454357435,0.23054250940151963,0.041232899445336736,0.1876672896843515,0.22193189487027842,0.041232899445336736,0.36994928227450974,0.15749496744965782,0.5411460115905824,0.021961060875612542,0.012583304142374734,0.1648973919270725
0.06981062704262611,0.051498424627194374,0.684762517499866,0.11673738600867678,0.0009594931572083852,0.12220400969561224,0.01468754900574878,0.18723336093066556,1.0,0.01607451564422054,0.014174097609845266,0.11956523116994688,0.051498424627194374,0.0004969980075173705,0.05434458952863986,0.12255783799172068,0.06981062704262611,0.21209506504989054,0.0009594931572083852,0.11673738600867678,0.026528655484966242,0.24861097909631297,0.18574727872371782,0.2683713422496332,0.21209506504989054,0.014174097609845266,0.007550452223617531,0.18574727872371782,0.026528655484966242,0.0004969980075173705,0.18723336093066556,0.007550452223617531,0.15952079008914988,0.12255783799172068,0.12220400969561224,0.05434458952863986,0.18574727872371782,0.0004969980075173705,0.03136314234276301,0.01468754900574878,0.007550452223617531,0.007550452223617531,0.012558886053930607,0.11956523116994688,0.007550452223617531,0.684762517499866,0.0004969980075173705,0.11673738600867678,0.12255783799172068,0.05434458952863986,0.684762517499866,0.15952079008914988,0.18574727872371782,0.24091857469572572,0.05349712109873671,0.11956523116994688,0.24861097909631297,0.12255783799172068,0.026528655484966242,0.684762517499866,0.12255783799172068,0.06981062704262611,0.21209506504989054,0.051498424627194374,0.01318956233508431,0.03136314234276301,0.007550452223617531
0.42896928524075906,0.16963586844120224,0.10736652348526961,0.2700509230327695,0.04771058185544815,0.1359373288841759,0.1944082541993824,0.28737489967454616,0.01607451564422054,1.0,0.08927111818148262,0.005352297565610672,0.16963586844120224,0.07420913556869012,0.3101053989830502,0.271098954781189,0.42896928524075906,0.11237643820111802,0.04771058185544815,0.2700509230327695,0.07435169383720308,0.2791973920771861,0.4202760462296202,0.30772811739058437,0.11237643820111802,0.08927111818148262,0.027733864612609932,0.4202760462296202,0.07435169383720308,0.07420913556869012,0.28737489967454616,0.027733864612609932,0.15020600197242762,0.271098954781189,0.1359373288841759,0.3101053989830502,0.4202760462296202,0.07420913556869012,0.09610882274659713,0.1944082541993824,0.027733864612609932,0.027733864612609932,0.13323480227897713,0.005352297565610672,0.027733864612609932,0.10736652348526961,0.07420913556869012,0.2700509230327695,0.271098954781189,0.3101053989830502,0.10736652348526961,0.15020600197242762,0.4202760462296202,0.09848694116055282,0.3466465213437443,0.005352297565610672,0.2791973920771861,0.271098954781189,0.07435169383720308,0.10736652348526961,0.271098954781189,0.42896928524075906,0.11237643820111802,0.16963586844120224,0.0969535696404583,0.09610882274659713,0.027733864612609932
0.6007032426695765,0.04416709590124949,0.0022226750728573407,0.34633573105303284,0.08007110459295537,0.003095377788147337,0.4476466780694284,0.17512398251286942,0.014174097609845266,0.08927111818148262,1.0,0.1977972473326621,0.04416709590124949,0.265976346566315,0.009182726781476212,0.21352249208725824,0.6007032426695765,0.11729080344782356,0.08007110459295537,0.34633573105303284,0.19459443522551786,0.03253911575835522,0.4286470638672104,0.2582308281908315,0.11729080344782356,1.0,0.4084235244750532,0.4286470638672104,0.19459443522551786,0.265976346566315,0.17512398251286942,0.4084235244750532,0.0014875376769034252,0.21352249208725824,0.003095377788147337,0.009182726781476212,0.4286470638672104,0.265976346566315,0.20803890696068422,0.4476466780694284,0.4084235244750532,0.4084235244750532,0.09064400412363359,0.1977972473326621,0.4084235244750532,0.0022226750728573407,0.265976346566315,0.34633573105303284,0.21352249208725824,0.009182726781476212,0.0022226750728573407,0.0014875376769034252,0.4286470638672104,0.12646753226011526,0.11857446892873293,0.1977972473326621,0.03253911575835522,0.21352249208725824,0.19459443522551786,0.0022226750728573407,0.21352249208725824,0.6007032426695765,0.11729080344782356,0.04416709590124949,0.16876723058550394,0.20803890696068422,0.4084235244750532
0.035974825323380775,0.02197362360818878,0.3293300156168229,0.21232005418695685,0.26153998953381646,0.056268456844837604,0.07609156358566185,0.03312807454357435,0.11956523116994688,0.005352297565610672,0.1977972473326621,1.0,0.02197362360818878,0.025895253151164355,0.07149619509954411,0.07261126816616299,0.035974825323380775,0.08813995659155789,0.26153998953381646,0.21232005418695685,0.10784266655438145,0.2882121291350244,0.018966560791826542,0.02987931699474347,0.08813995659155789,0.1977972473326621,0.08778253864196053,0.018966560791826542,0.10784266655438145,0.025895253151164355,0.03312807454357435,0.08778253864196053,0.04106295998912246,0.07261126816616299,0.056268456844837604,0.07149619509954411,0.018966560791826542,0.025895253151164355,0.32294414346726996,0.07609156358566185,0.08778253864196053,0.08778253864196053,0.0075132128300349,1.0,0.08778253864196053,0.3293300156168229,0.025895253151164355,0.21232005418695685,0.07261126816616299,0.07149619509954411,0.3293300156168229,0.04106295998912246,0.018966560791826542,0.07608889822942776,0.020587912738357656,1.0,0.2882121291350244,0.07261126816616299,0.10784266655438145,0.3293300156168229,0.07261126816616299,0.035974825323380775,0.08813995659155789,0.02197362360818878,0.1887470502701701,0.32294414346726996,0.08778253864196053
0.19348464154724537,1.0,0.09639609438649521,0.055233828680086576,0.06565318236143215,0.04641168872659952,0.045423343076325645,0.5411460115905824,0.051498424627194374,0.16963586844120224,0.04416709590124949,0.02197362360818878,1.0,0.18620142291646563,0.1603752849637615,0.12938600577803036,0.19348464154724537,0.021048327594972507,0.06565318236143215,0.055233828680086576,0.06325554433819212,0.36492344944994515,0.24311810094545075,0.1041069265575092,0.021048327594972507,0.04416709590124949,0.024328111593915742,0.24311810094545075,0.06325554433819212,0.18620142291646563,0.5411460115905824,0.024328111593915742,0.029215292880304077,0.12938600577803036,0.04641168872659952,0.1603752849637615,0.24311810094545075,0.18620142291646563,0.015298324353330818,0.045423343076325645,0.024328111593915742,0.024328111593915742,0.17172850474370194,0.02197362360818878,0.024328111593915742,0.09639609438649521,0.18620142291646563,0.055233828680086576,0.12938600577803036,0.1603752849637615,0.09639609438649521,0.029215292880304077,0.24311810094545075,0.13700994238614586,0.09594211742551861,0.02197362360818878,0.36492344944994515,0.12938600577803036,0.06325554433819212,0.09639609438649521,0.12938600577803036,0.19348464154724537,0.021048327594972507,1.0,0.056257314368952926,0.015298324353330818,0.024328111593915742
0.4270415954311655,0.18620142291646563,0.0013196388840662609,0.005649080925977539,0.08017841609999286,0.17328269532054721,0.018201647521049386,0.12388781535274036,0.0004969980075173705,0.07420913556869012,0.265976346566315,0.025895253151164355,0.18620142291646563,1.0,0.027116017551851064,0.0028300008418005005,0.4270415954311655,0.0593614537869084,0.08017841609999286,0.005649080925977539,0.016957897844531986,0.012629973067157565,0.15655602655853357,0.09640891610460725,0.0593614537869084,0.265976346566315,0.08342760152411731,0.15655602655853357,0.016957897844531986,1.0,0.12388781535274036,0.08342760152411731,0.032126395594143334,0.0028300008418005005,0.17328269532054721,0.027116017551851064,0.15655602655853357,1.0,0.1145387495695537,0.018201647521049386,0.08342760152411731,0.08342760152411731,0.014127454135311673,0.025895253151164355,0.08342760152411731,0.0013196388840662609,1.0,0.005649080925977539,0.0028300008418005005,0.027116017551851064,0.0013196388840662609,0.032126395594143334,0.15655602655853357,0.0017428971494445336,0.23595284044554288,0.025895253151164355,0.012629973067157565,0.0028300008418005005,0.016957897844531986,0.0013196388840662609,0.0028300008418005005,0.4270415954311655,0.0593614537869084,0.18620142291646563,0.04519916453030685,0.1145387495695537,0.08342760152411731
0.01384590004829219,0.1603752849637615,0.019245277653567806,0.1051984424324335,0.1336388131611068,0.4846147356389632,0.08823016837940859,0.2371931436496686,0.05434458952863986,0.3101053989830502,0.009182726781476212,0.07149619509954411,0.1603752849637615,0.027116017551851064,1.0,0.05008158882529507,0.01384590004829219,0.15667442647835678,0.1336388131611068,0.1051984424324335,0.23129192664883383,0.12719185388789184,0.05546865714126371,0.1425922589597805,0.15667442647835678,0.009182726781476212,0.07040450196302735,0.05546865714126371,0.23129192664883383,0.027116017551851064,0.2371931436496686,0.07040450196302735,0.3805136511405934,0.05008158882529507,0.4846147356389632,1.0,0.05546865714126371,0.027116017551851064,0.15145822518127122,0.08823016837940859,0.07040450196302735,0.07040450196302735,0.026254736838082264,0.07149619509954411,0.07040450196302735,0.019245277653567806,0.027116017551851064,0.1051984424324335,0.05008158882529507,1.0,0.019245277653567806,0.3805136511405934,0.05546865714126371,0.5559534855237984,0.00575847192465955,0.07149619509954411,0.12719185388789184,0.05008158882529507,0.23129192664883383,0.019245277653567806,0.05008158882529507,0.01384590004829219,0.15667442647835678,0.1603752849637615,0.14920993261011464,0.15145822518127122,0.07040450196302735
0.01693827412795368,0.12938600577803036,0.09695660564816112,0.8798747114306378,0.0028045208072705837,0.039085961503557094,0.3072483487227869,0.041232899445336736,0.12255783799172068,0.271098954781189,0.21352249208725824,0.07261126816616299,0.12938600577803036,0.0028300008418005005,0.05008158882529507,1.0,0.01693827412795368,0.1685514018412289,0.0028045208072705837,0.8798747114306378,0.1425128239307395,0.038689857371759145,0.03401030311808902,0.13231444645702894,0.1685514018412289,0.21352249208725824,0.1279120718799598,0.03401030311808902,0.1425128239307395,0.0028300008418005005,0.041232899445336736,0.1279120718799598,0.026748644350641792,1.0,0.039085961503557094,0.05008158882529507,0.03401030311808902,0.0028300008418005005,0.003357869366621182,0.3072483487227869,0.1279120718799598,0.1279120718799598,0.32769966154197094,0.07261126816616299,0.1279120718799598,0.09695660564816112,0.0028300008418005005,0.8798747114306378,1.0,0.05008158882529507,0.09695660564816112,0.026748644350641792,0.03401030311808902,0.019375335628975688,0.17397830354683305,0.07261126816616299,0.038689857371759145,1.0,0.1425128239307395,0.09695660564816112,1.0,0.01693827412795368,0.1685514018412289,0.12938600577803036,0.017130018188824477,0.003357869366621182,0.1279120718799598
1.0,0.19348464154724537,0.05025303430377139,0.06745084322656182,0.023009008664505174,0.06499964450850419,0.3212866597480122,0.36994928227450974,0.06981062704262611,0.42896928524075906,0.6007032426695765,0.035974825323380775,0.19348464154724537,0.4270415954311655,0.01384590004829219,0.01693827412795368,1.0,0.12670526277552696,0.023009008664505174,0.06745084322656182,0.013558273409067633,0.15202482941472117,0.7908375801596749,0.3219534594138572,0.12670526277552696,0.6007032426695765,0.06789876665020345,0.7908375801596749,0.013558273409067633,0.4270415954311655,0.36994928227450974,0.06789876665020345,0.056487909699933614,0.01693827412795368,0.06499964450850419,0.01384590004829219,0.7908375801596749,0.4270415954311655,0.1392845162547997,0.3212866597480122,0.06789876665020345,0.06789876665020345,0.07830540962094672,0.035974825323380775,0.06789876665020345,0.05025303430377139,0.4270415954311655,0.06745084322656182,0.01693827412795368,0.01384590004829219,0.05025303430377139,0.056487909699933614,0.7908375801596749,0.0213116587138568,0.30032356049261366,0.035974825323380775,0.15202482941472117,0.01693827412795368,0.013558273409067633,0.05025303430377139,0.01693827412795368,1.0,0.12670526277552696,0.19348464154724537,0.09061173528330177,0.1392845162547997,0.06789876665020345
0.12670526277552696,0.021048327594972507,0.3169684292010299,0.22226924166216738,0.033470598703437646,0.13763338308290957,0.1852468078469822,0.15749496744965782,0.21209506504989054,0.11237643820111802,0.11729080344782356,0.08813995659155789,0.021048327594972507,0.0593614537869084,0.15667442647835678,0.1685514018412289,0.12670526277552696,1.0,0.033470598703437646,0.22226924166216738,0.008230503055521496,0.0055002469128007285,0.021217531790252663,0.2017027008933616,1.0,0.11729080344782356,0.002839229341225936,0.021217531790252663,0.008230503055521496,0.0593614537869084,0.15749496744965782,0.002839229341225936,0.10288524506030211,0.1685514018412289,0.13763338308290957,0.15667442647835678,0.021217531790252663,0.0593614537869084,0.0007980830749761285,0.1852468078469822,0.002839229341225936,0.002839229341225936,0.07138055633534952,0.08813995659155789,0.002839229341225936,0.3169684292010299,0.0593614537869084,0.22226924166216738,0.1685514018412289,0.15667442647835678,0.3169684292010299,0.10288524506030211,0.021217531790252663,0.01311373971956263,0.1813232020806101,0.08813995659155789,0.0055002469128007285,0.1685514018412289,0.008230503055521496,0.3169684292010299,0.1685514018412289,0.12670526277552696,1.0,0.021048327594972507,0.03855098264399993,0.0007980830749761285,0.002839229341225936
0.023009008664505174,0.06565318236143215,0.11841820045221366,0.0006044127384611002,1.0,0.27627145447968937,0.16849325553212852,0.01792010703899572,0.0009594931572083852,0.04771058185544815,0.08007110459295537,0.26153998953381646,0.06565318236143215,0.08017841609999286,0.1336388131611068,0.0028045208072705837,0.023009008664505174,0.033470598703437646,1.0,0.0006044127384611002,0.10059180810515832,0.02067212005104497,0.11168165076163009,0.2159219316527775,0.033470598703437646,0.08007110459295537,0.048383049839227824,0.11168165076163009,0.10059180810515832,0.08017841609999286,0.01792010703899572,0.048383049839227824,0.01478327692910821,0.0028045208072705837,0.27627145447968937,0.1336388131611068,0.11168165076163009,0.08017841609999286,0.2693962851005789,0.16849325553212852,0.048383049839227824,0.048383049839227824,0.10360075759223239,0.26153998953381646,0.048383049839227824,0.11841820045221366,0.08017841609999286,0.0006044127384611002,0.0028045208072705837,0.1336388131611068,0.11841820045221366,0.01478327692910821,0.11168165076163009,0.04342669618522476,0.07755065286302495,0.26153998953381646,0.02067212005104497,0.0028045208072705837,0.10059180810515832,0.11841820045221366,0.0028045208072705837,0.023009008664505174,0.033470598703437646,0.06565318236143215,0.8781360389537493,0.2693962851005789,0.048383049839227824
0.06745084322656182,0.055233828680086576,0.11597983556128703,1.0,0.0006044127384611002,0.053507073698117226,0.41840054988268505,0.022100573540740368,0.11673738600867678,0.2700509230327695,0.34633573105303284,0.21232005418695685,0.055233828680086576,0.005649080925977539,0.1051984424324335,0.8798747114306378,0.06745084322656182,0.22226924166216738,0.0006044127384611002,1.0,0.21420333766198627,0.04802398215018882,0.06941540467449088,0.09632864308660817,0.22226924166216738,0.34633573105303284,0.19775941961805693,0.06941540467449088,0.21420333766198627,0.005649080925977539,0.022100573540740368,0.19775941961805693,0.03866801651335577,0.8798747114306378,0.053507073698117226,0.1051984424324335,0.06941540467449088,0.005649080925977539,0.02654727568597723,0.41840054988268505,0.19775941961805693,0.19775941961805693,0.19618971929411239,0.21232005418695685,0.19775941961805693,0.11597983556128703,0.005649080925977539,1.0,0.8798747114306378,0.1051984424324335,0.11597983556128703,0.03866801651335577,0.06941540467449088,0.08653638991608294,0.21976115229593182,0.21232005418695685,0.04802398215018882,0.8798747114306378,0.21420333766198627,0.11597983556128703,0.8798747114306378,0.06745084322656182,0.22226924166216738,0.055233828680086576,9.736549160314174e-05,0.02654727568597723,0.19775941961805693
0.013558273409067633,0.06325554433819212,0.025521857220091544,0.21420333766198627,0.10059180810515832,0.008204770230534534,0.08583145712965158,0.1876672896843515,0.026528655484966242,0.07435169383720308,0.19459443522551786,0.10784266655438145,0.06325554433819212,0.016957897844531986,0.23129192664883383,0.1425128239307395,0.013558273409067633,0.008230503055521496,0.10059180810515832,0.21420333766198627,1.0,0.23685119933181303,0.007848653514053503,0.3664320906267053,0.008230503055521496,0.19459443522551786,0.8791033944522718,0.007848653514053503,1.0,0.016957897844531986,0.1876672896843515,0.8791033944522718,0.000653967536208433,0.1425128239307395,0.008204770230534534,0.23129192664883383,0.007848653514053503,0.016957897844531986,0.013042539821634584,0.08583145712965158,0.8791033944522718,0.8791033944522718,0.007190273293255452,0.10784266655438145,0.8791033944522718,0.025521857220091544,0.016957897844531986,0.21420333766198627,0.1425128239307395,0.23129192664883383,0.025521857220091544,0.000653967536208433,0.007848653514053503,0.2587681054961388,0.008345650131913046,0.10784266655438145,0.23685119933181303,0.1425128239307395,1.0,0.025521857220091544,0.1425128239307395,0.013558273409067633,0.008230503055521496,0.06325554433819212,0.10304762169546097,0.013042539821634584,0.8791033944522718
0.15202482941472117,0.36492344944994515,0.19647205792600345,0.04802398215018882,0.02067212005104497,0.2183394015770273,0.04858639226231509,0.23054250940151963,0.24861097909631297,0.2791973920771861,0.03253911575835522,0.2882121291350244,0.36492344944994515,0.012629973067157565,0.12719185388789184,0.038689857371759145,0.15202482941472117,0.0055002469128007285,0.02067212005104497,0.04802398215018882,0.23685119933181303,1.0,0.28503456067538013,0.08309796233614583,0.0055002469128007285,0.03253911575835522,0.2016993616719438,0.28503456067538013,0.23685119933181303,0.012629973067157565,0.23054250940151963,0.2016993616719438,0.21447597974176003,0.038689857371759145,0.2183394015770273,0.12719185388789184,0.28503456067538013,0.012629973067157565,0.0638813627396778,0.04858639226231509,0.2016993616719438,0.2016993616719438,0.11925616653199413,0.2882121291350244,0.2016993616719438,0.19647205792600345,0.012629973067157565,0.04802398215018882,0.038689857371759145,0.12719185388789184,0.19647205792600345,0.21447597974176003,0.28503456067538013,0.11342323623226115,0.10461662014404612,0.2882121291350244,1.0,0.038689857371759145,0.23685119933181303,0.19647205792600345,0.038689857371759145,0.15202482941472117,0.0055002469128007285,0.36492344944994515,0.007899619607931393,0.0638813627396778,0.2016993616719438
0.7908375801596749,0.24311810094545075,0.12439702251489869,0.06941540467449088,0.11168165076163009,0.05119166285298532,0.4096745080857915,0.4779497549411589,0.18574727872371782,0.4202760462296202,0.4286470638672104,0.018966560791826542,0.24311810094545075,0.15655602655853357,0.05546865714126371,0.03401030311808902,0.7908375801596749,0.021217531790252663,0.11168165076163009,0.06941540467449088,0.007848653514053503,0.28503456067538013,1.0,0.3156655514893601,0.021217531790252663,0.4286470638672104,0.02926325732674476,1.0,0.007848653514053503,0.15655602655853357,0.4779497549411589,0.02926325732674476,0.09763891198365907,0.03401030311808902,0.05119166285298532,0.05546865714126371,1.0,0.15655602655853357,0.07549253938678849,0.4096745080857915,0.02926325732674476,0.02926325732674476,0.2884320952659502,0.018966560791826542,0.02926325732674476,0.12439702251489869,0.15655602655853357,0.06941540467449088,0.03401030311808902,0.05546865714126371,0.12439702251489869,0.09763891198365907,1.0,0.07855180579800135,0.1651241952705773,0.018966560791826542,0.28503456067538013,0.03401030311808902,0.007848653514053503,0.12439702251489869,0.03401030311808902,0.7908375801596749,0.021217531790252663,0.24311810094545075,0.17293025366014397,0.07549253938678849,0.02926325732674476
0.3219534594138572,0.1041069265575092,0.09559370593386618,0.09632864308660817,0.2159219316527775,0.04315549742681408,0.08445178462011399,0.6499520161800016,0.2683713422496332,0.30772811739058437,0.2582308281908315,0.02987931699474347,0.1041069265575092,0.09640891610460725,0.1425922589597805,0.13231444645702894,0.3219534594138572,0.2017027008933616,0.2159219316527775,0.09632864308660817,0.3664320906267053,0.08309796233614583,0.3156655514893601,1.0,0.2017027008933616,0.2582308281908315,0.29778431933049093,0.3156655514893601,0.3664320906267053,0.09640891610460725,0.6499520161800016,0.29778431933049093,0.015901140637294846,0.13231444645702894,0.04315549742681408,0.1425922589597805,0.3156655514893601,0.09640891610460725,0.02169558843149558,0.08445178462011399,0.29778431933049093,0.29778431933049093,0.15912769685283137,0.02987931699474347,0.29778431933049093,0.09559370593386618,0.09640891610460725,0.09632864308660817,0.13231444645702894,0.1425922589597805,0.09559370593386618,0.015901140637294846,0.3156655514893601,0.0003339345626521997,0.0008897636631683317,0.02987931699474347,0.08309796233614583,0.13231444645702894,0.3664320906267053,0.09559370593386618,0.13231444645702894,0.3219534594138572,0.2017027008933616,0.1041069265575092,0.24791414832587297,0.02169558843149558,0.29778431933049093
0.12670526277552696,0.021048327594972507,0.3169684292010299,0.22226924166216738,0.033470598703437646,0.13763338308290957,0.1852468078469822,0.15749496744965782,0.21209506504989054,0.11237643820111802,0.11729080344782356,0.08813995659155789,0.021048327594972507,0.0593614537869084,0.15667442647835678,0.1685514018412289,0.12670526277552696,1.0,0.033470598703437646,0.22226924166216738,0.008230503055521496,0.0055002469128007285,0.021217531790252663,0.2017027008933616,1.0,0.11729080344782356,0.002839229341225936,0.021217531790252663,0.008230503055521496,0.0593614537869084,0.15749496744965782,0.002839229341225936,0.10288524506030211,0.1685514018412289,0.13763338308290957,0.15667442647835678,0.021217531790252663,0.0593614537869084,0.0007980830749761285,0.1852468078469822,0.002839229341225936,0.002839229341225936,0.07138055633534952,0.08813995659155789,0.002839229341225936,0.3169684292010299,0.0593614537869084,0.22226924166216738,0.1685514018412289,0.15667442647835678,0.3169684292010299,0.10288524506030211,0.021217531790252663,0.01311373971956263,0.1813232020806101,0.08813995659155789,0.0055002469128007285,0.1685514018412289,0.008230503055521496,0.3169684292010299,0.1685514018412289,0.12670526277552696,1.0,0.021048327594972507,0.03855098264399993,0.0007980830749761285,0.002839229341225936
0.6007032426695765,0.04416709590124949,0.0022226750728573407,0.34633573105303284,0.08007110459295537,0.003095377788147337,0.4476466780694284,0.17512398251286942,0.014174097609845266,0.08927111818148262,1.0,0.1977972473326621,0.04416709590124949,0.265976346566315,0.009182726781476212,0.21352249208725824,0.6007032426695765,0.11729080344782356,0.08007110459295537,0.34633573105303284,0.19459443522551786,0.03253911575835522,0.4286470638672104,0.2582308281908315,0.11729080344782356,1.0,0.4084235244750532,0.4286470638672104,0.19459443522551786,0.265976346566315,0.17512398251286942,0.4084235244750532,0.0014875376769034252,0.21352249208725824,0.003095377788147337,0.009182726781476212,0.4286470638672104,0.265976346566315,0.20803890696068422,0.4476466780694284,0.4084235244750532,0.4084235244750532,0.09064400412363359,0.1977972473326621,0.4084235244750532,0.0022226750728573407,0.265976346566315,0.34633573105303284,0.21352249208725824,0.009182726781476212,0.0022226750728573407,0.0014875376769034252,0.4286470638672104,0.12646753226011526,0.11857446892873293,0.1977972473326621,0.03253911575835522,0.21352249208725824,0.19459443522551786,0.0022226750728573407,0.21352249208725824,0.6007032426695765,0.11729080344782356,0.04416709590124949,0.16876723058550394,0.20803890696068422,0.4084235244750532
0.06789876665020345,0.024328111593915742,0.02651081202922621,0.19775941961805693,0.048383049839227824,0.0002556914086376825,0.10016679656184536,0.1648973919270725,0.007550452223617531,0.027733864612609932,0.4084235244750532,0.08778253864196053,0.024328111593915742,0.08342760152411731,0.07040450196302735,0.1279120718799598,0.06789876665020345,0.002839229341225936,0.048383049839227824,0.19775941961805693,0.8791033944522718,0.2016993616719438,0.02926325732674476,0.29778431933049093,0.002839229341225936,0.4084235244750532,1.0,0.02926325732674476,0.8791033944522718,0.08342760152411731,0.1648973919270725,1.0,0.005242013755357791,0.1279120718799598,0.0002556914086376825,0.07040450196302735,0.02926325732674476,0.08342760152411731,0.08853761425598397,0.10016679656184536,1.0,1.0,0.03709319324025775,0.08778253864196053,1.0,0.02651081202922621,0.08342760152411731,0.19775941961805693,0.1279120718799598,0.07040450196302735,0.02651081202922621,0.005242013755357791,0.02926325732674476,0.17123256566272363,0.004946248995842376,0.08778253864196053,0.2016993616719438,0.1279120718799598,0.8791033944522718,0.02651081202922621,0.1279120718799598,0.06789876665020345,0.002839229341225936,0.024328111593915742,0.06886803963103857,0.08853761425598397,1.0
0.7908375801596749,0.24311810094545075,0.12439702251489869,0.06941540467449088,0.11168165076163009,0.05119166285298532,0.4096745080857915,0.4779497549411589,0.18574727872371782,0.4202760462296202,0.4286470638672104,0.018966560791826542,0.24311810094545075,0.15655602655853357,0.05546865714126371,0.03401030311808902,0.7908375801596749,0.021217531790252663,0.11168165076163009,0.06941540467449088,0.007848653514053503,0.28503456067538013,1.0,0.3156655514893601,0.021217531790252663,0.4286470638672104,0.02926325732674476,1.0,0.007848653514053503,0.15655602655853357,0.4779497549411589,0.02926325732674476,0.09763891198365907,0.03401030311808902,0.05119166285298532,0.05546865714126371,1.0,0.15655602655853357,0.07549253938678849,0.4096745080857915,0.02926325732674476,0.02926325732674476,0.2884320952659502,0.018966560791826542,0.02926325732674476,0.12439702251489869,0.15655602655853357,0.06941540467449088,0.03401030311808902,0.05546865714126371,0.12439702251489869,0.09763891198365907,1.0,0.07855180579800135,0.1651241952705773,0.018966560791826542,0.28503456067538013,0.03401030311808902,0.007848653514053503,0.12439702251489869,0.03401030311808902,0.7908375801596749,0.021217531790252663,0.24311810094545075,0.17293025366014397,0.07549253938678849,0.02926325732674476
0.013558273409067633,0.06325554433819212,0.025521857220091544,0.21420333766198627,0.10059180810515832,0.008204770230534534,0.08583145712965158,0.1876672896843515,0.026528655484966242,0.07435169383720308,0.19459443522551786,0.10784266655438145,0.06325554433819212,0.016957897844531986,0.23129192664883383,0.1425128239307395,0.013558273409067633,0.008230503055521496,0.10059180810515832,0.21420333766198627,1.0,0.23685119933181303,0.007848653514053503,0.3664320906267053,0.008230503055521496,0.19459443522551786,0.8791033944522718,0.007848653514053503,1.0,0.016957897844531986,0.1876672896843515,0.8791033944522718,0.000653967536208433,0.1425128239307395,0.008204770230534534,0.23129192664883383,0.007848653514053503,0.016957897844531986,0.013042539821634584,0.08583145712965158,0.8791033944522718,0.8791033944522718,0.007190273293255452,0.10784266655438145,0.8791033944522718,0.025521857220091544,0.016957897844531986,0.21420333766198627,0.1425128239307395,0.23129192664883383,0.025521857220091544,0.000653967536208433,0.007848653514053503,0.2587681054961388,0.008345650131913046,0.10784266655438145,0.23685119933181303,0.1425128239307395,1.0,0.025521857220091544,0.1425128239307395,0.013558273409067633,0.008230503055521496,0.06325554433819212,0.10304762169546097,0.013042539821634584,0.8791033944522718
0.4270415954311655,0.18620142291646563,0.0013196388840662609,0.005649080925977539,0.08017841609999286,0.17328269532054721,0.018201647521049386,0.12388781535274036,0.0004969980075173705,0.07420913556869012,0.265976346566315,0.025895253151164355,0.18620142291646563,1.0,0.027116017551851064,0.0028300008418005005,0.4270415954311655,0.0593614537869084,0.08017841609999286,0.005649080925977539,0.016957897844531986,0.012629973067157565,0.15655602655853357,0.09640891610460725,0.0593614537869084,0.265976346566315,0.08342760152411731,0.15655602655853357,0.016957897844531986,1.0,0.12388781535274036,0.08342760152411731,0.032126395594143334,0.0028300008418005005,0.17328269532054721,0.027116017551851064,0.15655602655853357,1.0,0.1145387495695537,0.018201647521049386,0.08342760152411731,0.08342760152411731,0.014127454135311673,0.025895253151164355,0.08342760152411731,0.0013196388840662609,1.0,0.005649080925977539,0.0028300008418005005,0.027116017551851064,0.0013196388840662609,0.032126395594143334,0.15655602655853357,0.0017428971494445336,0.23595284044554288,0.025895253151164355,0.012629973067157565,0.0028300008418005005,0.016957897844531986,0.0013196388840662609,0.0028300008418005005,0.4270415954311655,0.0593614537869084,0.18620142291646563,0.04519916453030685,0.1145387495695537,0.08342760152411731
0.36994928227450974,0.5411460115905824,0.22193189487027842,0.022100573540740368,0.01792010703899572,0.07474754314068616,0.051426865470454025,1.0,0.18723336093066556,0.28737489967454616,0.17512398251286942,0.03312807454357435,0.5411460115905824,0.12388781535274036,0.2371931436496686,0.041232899445336736,0.36994928227450974,0.15749496744965782,0.01792010703899572,0.022100573540740368,0.1876672896843515,0.23054250940151963,0.4779497549411589,0.6499520161800016,0.15749496744965782,0.17512398251286942,0.1648973919270725,0.4779497549411589,0.1876672896843515,0.12388781535274036,1.0,0.1648973919270725,0.0689052799662838,0.041232899445336736,0.07474754314068616,0.2371931436496686,0.4779497549411589,0.12388781535274036,0.012583304142374734,0.051426865470454025,0.1648973919270725,0.1648973919270725,0.33993705772589744,0.03312807454357435,0.1648973919270725,0.22193189487027842,0.12388781535274036,0.022100573540740368,0.041232899445336736,0.2371931436496686,0.22193189487027842,0.0689052799662838,0.4779497549411589,0.04418218557569965,0.02736455192452399,0.03312807454357435,0.23054250940151963,0.041232899445336736,0.1876672896843515,0.22193189487027842,0.041232899445336736,0.36994928227450974,0.15749496744965782,0.5411460115905824,0.021961060875612542,0.012583304142374734,0.1648973919270725
0.06789876665020345,0.024328111593915742,0.02651081202922621,0.19775941961805693,0.048383049839227824,0.0002556914086376825,0.10016679656184536,0.1648973919270725,0.007550452223617531,0.027733864612609932,0.4084235244750532,0.08778253864196053,0.024328111593915742,0.08342760152411731,0.07040450196302735,0.1279120718799598,0.06789876665020345,0.002839229341225936,0.048383049839227824,0.19775941961805693,0.8791033944522718,0.2016993616719438,0.02926325732674476,0.29778431933049093,0.002839229341225936,0.4084235244750532,1.0,0.02926325732674476,0.8791033944522718,0.08342760152411731,0.1648973919270725,1.0,0.005242013755357791,0.1279120718799598,0.0002556914086376825,0.07040450196302735,0.02926325732674476,0.08342760152411731,0.08853761425598397,0.10016679656184536,1.0,1.0,0.03709319324025775,0.08778253864196053,1.0,0.02651081202922621,0.08342760152411731,0.19775941961805693,0.1279120718799598,0.07040450196302735,0.02651081202922621,0.005242013755357791,0.02926325732674476,0.17123256566272363,0.004946248995842376,0.08778253864196053,0.2016993616719438,0.1279120718799598,0.8791033944522718,0.02651081202922621,0.1279120718799598,0.06789876665020345,0.002839229341225936,0.024328111593915742,0.06886803963103857,0.08853761425598397,1.0
0.056487909699933614,0.029215292880304077,0.040321467174832905,0.03866801651335577,0.01478327692910821,0.3153780914032058,0.28790236932853824,0.0689052799662838,0.15952079008914988,0.15020600197242762,0.0014875376769034252,0.04106295998912246,0.029215292880304077,0.032126395594143334,0.3805136511405934,0.026748644350641792,0.056487909699933614,0.10288524506030211,0.01478327692910821,0.03866801651335577,0.000653967536208433,0.21447597974176003,0.09763891198365907,0.015901140637294846,0.10288524506030211,0.0014875376769034252,0.005242013755357791,0.09763891198365907,0.000653967536208433,0.032126395594143334,0.0689052799662838,0.005242013755357791,1.0,0.026748644350641792,0.3153780914032058,0.3805136511405934,0.09763891198365907,0.032126395594143334,0.014856548494407953,0.28790236932853824,0.005242013755357791,0.005242013755357791,0.11953693335003641,0.04106295998912246,0.005242013755357791,0.040321467174832905,0.032126395594143334,0.03866801651335577,0.026748644350641792,0.3805136511405934,0.040321467174832905,1.0,0.09763891198365907,0.35629653835134456,0.04288378051939509,0.04106295998912246,0.21447597974176003,0.026748644350641792,0.000653967536208433,0.040321467174832905,0.026748644350641792,0.056487909699933614,0.10288524506030211,0.029215292880304077,0.0036187073628686896,0.014856548494407953,0.005242013755357791
0.01693827412795368,0.12938600577803036,0.09695660564816112,0.8798747114306378,0.0028045208072705837,0.039085961503557094,0.3072483487227869,0.041232899445336736,0.12255783799172068,0.271098954781189,0.21352249208725824,0.07261126816616299,0.12938600577803036,0.0028300008418005005,0.05008158882529507,1.0,0.01693827412795368,0.1685514018412289,0.0028045208072705837,0.8798747114306378,0.1425128239307395,0.038689857371759145,0.03401030311808902,0.13231444645702894,0.1685514018412289,0.21352249208725824,0.1279120718799598,0.03401030311808902,0.1425128239307395,0.0028300008418005005,0.041232899445336736,0.1279120718799598,0.026748644350641792,1.0,0.039085961503557094,0.05008158882529507,0.03401030311808902,0.0028300008418005005,0.003357869366621182,0.3072483487227869,0.1279120718799598,0.1279120718799598,0.32769966154197094,0.07261126816616299,0.1279120718799598,0.09695660564816112,0.0028300008418005005,0.8798747114306378,1.0,0.05008158882529507,0.09695660564816112,0.026748644350641792,0.03401030311808902,0.019375335628975688,0.17397830354683305,0.07261126816616299,0.038689857371759145,1.0,0.1425128239307395,0.09695660564816112,1.0,0.01693827412795368,0.1685514018412289,0.12938600577803036,0.017130018188824477,0.003357869366621182,0.1279120718799598
0.06499964450850419,0.04641168872659952,0.020932301880973038,0.053507073698117226,0.27627145447968937,1.0,0.06355411918883824,0.07474754314068616,0.12220400969561224,0.1359373288841759,0.003095377788147337,0.056268456844837604,0.04641168872659952,0.17328269532054721,0.4846147356389632,0.039085961503557094,0.06499964450850419,0.13763338308290957,0.27627145447968937,0.053507073698117226,0.008204770230534534,0.2183394015770273,0.05119166285298532,0.04315549742681408,0.13763338308290957,0.003095377788147337,0.0002556914086376825,0.05119166285298532,0.008204770230534534,0.17328269532054721,0.07474754314068616,0.0002556914086376825,0.3153780914032058,0.039085961503557094,1.0,0.4846147356389632,0.05119166285298532,0.17328269532054721,0.03442943128573262,0.06355411918883824,0.0002556914086376825,0.0002556914086376825,0.2659680765725797,0.056268456844837604,0.0002556914086376825,0.020932301880973038,0.17328269532054721,0.053507073698117226,0.039085961503557094,0.4846147356389632,0.020932301880973038,0.3153780914032058,0.05119166285298532,0.1586830866538205,0.10584903132627713,0.056268456844837604,0.2183394015770273,0.039085961503557094,0.008204770230534534,0.020932301880973038,0.039085961503557094,0.06499964450850419,0.13763338308290957,0.04641168872659952,0.13778456317672372,0.03442943128573262,0.0002556914086376825
0.01384590004829219,0.1603752849637615,0.019245277653567806,0.1051984424324335,0.1336388131611068,0.4846147356389632,0.08823016837940859,0.2371931436496686,0.05434458952863986,0.3101053989830502,0.009182726781476212,0.07149619509954411,0.1603752849637615,0.027116017551851064,1.0,0.05008158882529507,0.01384590004829219,0.15667442647835678,0.1336388131611068,0.1051984424324335,0.23129192664883383,0.12719185388789184,0.05546865714126371,0.1425922589597805,0.15667442647835678,0.009182726781476212,0.07040450196302735,0.05546865714126371,0.23129192664883383,0.027116017551851064,0.2371931436496686,0.07040450196302735,0.3805136511405934,0.05008158882529507,0.4846147356389632,1.0,0.05546865714126371,0.027116017551851064,0.15145822518127122,0.08823016837940859,0.07040450196302735,0.07040450196302735,0.026254736838082264,0.07149619509954411,0.07040450196302735,0.019245277653567806,0.027116017551851064,0.1051984424324335,0.05008158882529507,1.0,0.019245277653567806,0.3805136511405934,0.05546865714126371,0.5559534855237984,0.00575847192465955,0.07149619509954411,0.12719185388789184,0.05008158882529507,0.23129192664883383,0.019245277653567806,0.05008158882529507,0.01384590004829219,0.15667442647835678,0.1603752849637615,0.14920993261011464,0.15145822518127122,0.07040450196302735
0.7908375801596749,0.24311810094545075,0.12439702251489869,0.06941540467449088,0.11168165076163009,0.05119166285298532,0.4096745080857915,0.4779497549411589,0.18574727872371782,0.4202760462296202,0.4286470638672104,0.018966560791826542,0.24311810094545075,0.15655602655853357,0.05546865714126371,0.03401030311808902,0.7908375801596749,0.021217531790252663,0.11168165076163009,0.06941540467449088,0.007848653514053503,0.28503456067538013,1.0,0.3156655514893601,0.021217531790252663,0.4286470638672104,0.02926325732674476,1.0,0.007848653514053503,0.15655602655853357,0.4779497549411589,0.02926325732674476,0.09763891198365907,0.03401030311808902,0.05119166285298532,0.05546865714126371,1.0,0.15655602655853357,0.07549253938678849,0.4096745080857915,0.02926325732674476,0.02926325732674476,0.2884320952659502,0.018966560791826542,0.02926325732674476,0.12439702251489869,0.15655602655853357,0.06941540467449088,0.03401030311808902,0.05546865714126371,0.12439702251489869,0.09763891198365907,1.0,0.07855180579800135,0.1651241952705773,0.018966560791826542,0.28503456067538013,0.03401030311808902,0.007848653514053503,0.12439702251489869,0.03401030311808902,0.7908375801596749,0.021217531790252663,0.24311810094545075,0.17293025366014397,0.07549253938678849,0.02926325732674476
0.4270415954311655,0.18620142291646563,0.0013196388840662609,0.005649080925977539,0.08017841609999286,0.17328269532054721,0.018201647521049386,0.12388781535274036,0.0004969980075173705,0.07420913556869012,0.265976346566315,0.025895253151164355,0.18620142291646563,1.0,0.027116017551851064,0.0028300008418005005,0.4270415954311655,0.0593614537869084,0.08017841609999286,0.005649080925977539,0.016957897844531986,0.012629973067157565,0.15655602655853357,0.09640891610460725,0.0593614537869084,0.265976346566315,0.08342760152411731,0.15655602655853357,0.016957897844531986,1.0,0.12388781535274036,0.08342760152411731,0.032126395594143334,0.0028300008418005005,0.17328269532054721,0.027116017551851064,0.15655602655853357,1.0,0.1145387495695537,0.018201647521049386,0.08342760152411731,0.08342760152411731,0.014127454135311673,0.025895253151164355,0.08342760152411731,0.0013196388840662609,1.0,0.005649080925977539,0.0028300008418005005,0.027116017551851064,0.0013196388840662609,0.032126395594143334,0.15655602655853357,0.0017428971494445336,0.23595284044554288,0.025895253151164355,0.012629973067157565,0.0028300008418005005,0.016957897844531986,0.0013196388840662609,0.0028300008418005005,0.4270415954311655,0.0593614537869084,0.18620142291646563,0.04519916453030685,0.1145387495695537,0.08342760152411731
0.1392845162547997,0.015298324353330818,0.1056109676688926,0.02654727568597723,0.2693962851005789,0.03442943128573262,0.011210210721065626,0.012583304142374734,0.03136314234276301,0.09610882274659713,0.20803890696068422,0.32294414346726996,0.015298324353330818,0.1145387495695537,0.15145822518127122,0.003357869366621182,0.1392845162547997,0.0007980830749761285,0.2693962851005789,0.02654727568597723,0.013042539821634584,0.0638813627396778,0.07549253938678849,0.02169558843149558,0.0007980830749761285,0.20803890696068422,0.08853761425598397,0.07549253938678849,0.013042539821634584,0.1145387495695537,0.012583304142374734,0.08853761425598397,0.014856548494407953,0.003357869366621182,0.03442943128573262,0.15145822518127122,0.07549253938678849,0.1145387495695537,1.0,0.011210210721065626,0.08853761425598397,0.08853761425598397,0.10184733593461234,0.32294414346726996,0.08853761425598397,0.1056109676688926,0.1145387495695537,0.02654727568597723,0.003357869366621182,0.15145822518127122,0.1056109676688926,0.014856548494407953,0.07549253938678849,0.020960661830873608,0.13062874736141145,0.32294414346726996,0.0638813627396778,0.003357869366621182,0.013042539821634584,0.1056109676688926,0.003357869366621182,0.1392845162547997,0.0007980830749761285,0.015298324353330818,0.48689244154231953,1.0,0.08853761425598397
0.3212866597480122,0.045423343076325645,0.021952823417500968,0.41840054988268505,0.16849325553212852,0.06355411918883824,1.0,0.051426865470454025,0.01468754900574878,0.1944082541993824,0.4476466780694284,0.07609156358566185,0.045423343076325645,0.018201647521049386,0.08823016837940859,0.3072483487227869,0.3212866597480122,0.1852468078469822,0.16849325553212852,0.41840054988268505,0.08583145712965158,0.04858639226231509,0.4096745080857915,0.08445178462011399,0.1852468078469822,0.4476466780694284,0.10016679656184536,0.4096745080857915,0.08583145712965158,0.018201647521049386,0.051426865470454025,0.10016679656184536,0.28790236932853824,0.3072483487227869,0.06355411918883824,0.08823016837940859,0.4096745080857915,0.018201647521049386,0.011210210721065626,1.0,0.10016679656184536,0.10016679656184536,0.474093352898957,0.07609156358566185,0.10016679656184536,0.021952823417500968,0.018201647521049386,0.41840054988268505,0.3072483487227869,0.08823016837940859,0.021952823417500968,0.28790236932853824,0.4096745080857915,0.24553212945821162,0.15187787294359523,0.07609156358566185,0.04858639226231509,0.3072483487227869,0.08583145712965158,0.021952823417500968,0.3072483487227869,0.3212866597480122,0.1852468078469822,0.045423343076325645,0.12464240171462934,0.011210210721065626,0.10016679656184536
0.06789876665020345,0.024328111593915742,0.02651081202922621,0.19775941961805693,0.048383049839227824,0.0002556914086376825,0.10016679656184536,0.1648973919270725,0.007550452223617531,0.027733864612609932,0.4084235244750532,0.08778253864196053,0.024328111593915742,0.08342760152411731,0.07040450196302735,0.1279120718799598,0.06789876665020345,0.002839229341225936,0.048383049839227824,0.19775941961805693,0.8791033944522718,0.2016993616719438,0.02926325732674476,0.29778431933049093,0.002839229341225936,0.4084235244750532,1.0,0.02926325732674476,0.8791033944522718,0.08342760152411731,0.1648973919270725,1.0,0.005242013755357791,0.1279120718799598,0.0002556914086376825,0.07040450196302735,0.02926325732674476,0.08342760152411731,0.08853761425598397,0.10016679656184536,1.0,1.0,0.03709319324025775,0.08778253864196053,1.0,0.02651081202922621,0.08342760152411731,0.19775941961805693,0.1279120718799598,0.07040450196302735,0.02651081202922621,0.005242013755357791,0.02926325732674476,0.17123256566272363,0.004946248995842376,0.08778253864196053,0.2016993616719438,0.1279120718799598,0.8791033944522718,0.02651081202922621,0.1279120718799598,0.06789876665020345,0.002839229341225936,0.024328111593915742,0.06886803963103857,0.08853761425598397,1.0
0.06789876665020345,0.024328111593915742,0.02651081202922621,0.19775941961805693,0.048383049839227824,0.0002556914086376825,0.10016679656184536,0.1648973919270725,0.007550452223617531,0.027733864612609932,0.4084235244750532,0.08778253864196053,0.024328111593915742,0.08342760152411731,0.07040450196302735,0.1279120718799598,0.06789876665020345,0.002839229341225936,0.048383049839227824,0.19775941961805693,0.8791033944522718,0.2016993616719438,0.02926325732674476,0.29778431933049093,0.002839229341225936,0.4084235244750532,1.0,0.02926325732674476,0.8791033944522718,0.08342760152411731,0.1648973919270725,1.0,0.005242013755357791,0.1279120718799598,0.0002556914086376825,0.07040450196302735,0.02926325732674476,0.08342760152411731,0.08853761425598397,0.10016679656184536,1.0,1.0,0.03709319324025775,0.08778253864196053,1.0,0.02651081202922621,0.08342760152411731,0.19775941961805693,0.1279120718799598,0.07040450196302735,0.02651081202922621,0.005242013755357791,0.02926325732674476,0.17123256566272363,0.004946248995842376,0.08778253864196053,0.2016993616719438,0.1279120718799598,0.8791033944522718,0.02651081202922621,0.1279120718799598,0.06789876665020345,0.002839229341225936,0.024328111593915742,0.06886803963103857,0.08853761425598397,1.0
0.07830540962094672,0.17172850474370194,0.011977471726330761,0.19618971929411239,0.10360075759223239,0.2659680765725797,0.474093352898957,0.33993705772589744,0.012558886053930607,0.13323480227897713,0.09064400412363359,0.0075132128300349,0.17172850474370194,0.014127454135311673,0.026254736838082264,0.32769966154197094,0.07830540962094672,0.07138055633534952,0.10360075759223239,0.19618971929411239,0.007190273293255452,0.11925616653199413,0.2884320952659502,0.15912769685283137,0.07138055633534952,0.09064400412363359,0.03709319324025775,0.2884320952659502,0.007190273293255452,0.014127454135311673,0.33993705772589744,0.03709319324025775,0.11953693335003641,0.32769966154197094,0.2659680765725797,0.026254736838082264,0.2884320952659502,0.014127454135311673,0.10184733593461234,0.474093352898957,0.03709319324025775,0.03709319324025775,1.0,0.0075132128300349,0.03709319324025775,0.011977471726330761,0.014127454135311673,0.19618971929411239,0.32769966154197094,0.026254736838082264,0.011977471726330761,0.11953693335003641,0.2884320952659502,0.03271733525636049,0.14048543259629412,0.0075132128300349,0.11925616653199413,0.32769966154197094,0.007190273293255452,0.011977471726330761,0.32769966154197094,0.07830540962094672,0.07138055633534952,0.17172850474370194,0.020127000190670645,0.10184733593461234,0.03709319324025775
0.035974825323380775,0.02197362360818878,0.3293300156168229,0.21232005418695685,0.26153998953381646,0.056268456844837604,0.07609156358566185,0.03312807454357435,0.11956523116994688,0.005352297565610672,0.1977972473326621,1.0,0.02197362360818878,0.025895253151164355,0.07149619509954411,0.07261126816616299,0.035974825323380775,0.08813995659155789,0.26153998953381646,0.21232005418695685,0.10784266655438145,0.2882121291350244,0.018966560791826542,0.02987931699474347,0.08813995659155789,0.1977972473326621,0.08778253864196053,0.018966560791826542,0.10784266655438145,0.025895253151164355,0.03312807454357435,0.08778253864196053,0.04106295998912246,0.07261126816616299,0.056268456844837604,0.07149619509954411,0.018966560791826542,0.025895253151164355,0.32294414346726996,0.07609156358566185,0.08778253864196053,0.08778253864196053,0.0075132128300349,1.0,0.08778253864196053,0.3293300156168229,0.025895253151164355,0.21232005418695685,0.07261126816616299,0.07149619509954411,0.3293300156168229,0.04106295998912246,0.018966560791826542,0.07608889822942776,0.020587912738357656,1.0,0.2882121291350244,0.07261126816616299,0.10784266655438145,0.3293300156168229,0.07261126816616299,0.035974825323380775,0.08813995659155789,0.02197362360818878,0.1887470502701701,0.32294414346726996,0.08778253864196053
0.06789876665020345,0.024328111593915742,0.02651081202922621,0.19775941961805693,0.048383049839227824,0.0002556914086376825,0.10016679656184536,0.1648973919270725,0.007550452223617531,0.027733864612609932,0.4084235244750532,0.08778253864196053,0.024328111593915742,0.08342760152411731,0.07040450196302735,0.1279120718799598,0.06789876665020345,0.002839229341225936,0.048383049839227824,0.19775941961805693,0.8791033944522718,0.2016993616719438,0.02926325732674476,0.29778431933049093,0.002839229341225936,0.4084235244750532,1.0,0.02926325732674476,0.8791033944522718,0.08342760152411731,0.1648973919270725,1.0,0.005242013755357791,0.1279120718799598,0.0002556914086376825,0.07040450196302735,0.02926325732674476,0.08342760152411731,0.08853761425598397,0.10016679656184536,1.0,1.0,0.03709319324025775,0.08778253864196053,1.0,0.02651081202922621,0.08342760152411731,0.19775941961805693,0.1279120718799598,0.07040450196302735,0.02651081202922621,0.005242013755357791,0.02926325732674476,0.17123256566272363,0.004946248995842376,0.08778253864196053,0.2016993616719438,0.1279120718799598,0.8791033944522718,0.02651081202922621,0.1279120718799598,0.06789876665020345,0.002839229341225936,0.024328111593915742,0.06886803963103857,0.08853761425598397,1.0
0.05025303430377139,0.09639609438649521,1.0,0.11597983556128703,0.11841820045221366,0.020932301880973038,0.021952823417500968,0.22193189487027842,0.684762517499866,0.10736652348526961,0.0022226750728573407,0.3293300156168229,0.09639609438649521,0.0013196388840662609,0.019245277653567806,0.09695660564816112,0.05025303430377139,0.3169684292010299,0.11841820045221366,0.11597983556128703,0.025521857220091544,0.19647205792600345,0.12439702251489869,0.09559370593386618,0.3169684292010299,0.0022226750728573407,0.02651081202922621,0.12439702251489869,0.025521857220091544,0.0013196388840662609,0.22193189487027842,0.02651081202922621,0.040321467174832905,0.09695660564816112,0.020932301880973038,0.019245277653567806,0.12439702251489869,0.0013196388840662609,0.1056109676688926,0.021952823417500968,0.02651081202922621,0.02651081202922621,0.011977471726330761,0.3293300156168229,0.02651081202922621,1.0,0.0013196388840662609,0.11597983556128703,0.09695660564816112,0.019245277653567806,1.0,0.040321467174832905,0.12439702251489869,0.04448475931871156,0.0003481545230612986,0.3293300156168229,0.19647205792600345,0.09695660564816112,0.025521857220091544,1.0,0.09695660564816112,0.05025303430377139,0.3169684292010299,0.09639609438649521,0.08623250742772166,0.1056109676688926,0.02651081202922621
0.4270415954311655,0.18620142291646563,0.0013196388840662609,0.005649080925977539,0.08017841609999286,0.17328269532054721,0.018201647521049386,0.12388781535274036,0.0004969980075173705,0.07420913556869012,0.265976346566315,0.025895253151164355,0.18620142291646563,1.0,0.027116017551851064,0.0028300008418005005,0.4270415954311655,0.0593614537869084,0.08017841609999286,0.005649080925977539,0.016957897844531986,0.012629973067157565,0.15655602655853357,0.09640891610460725,0.0593614537869084,0.265976346566315,0.08342760152411731,0.15655602655853357,0.016957897844531986,1.0,0.12388781535274036,0.08342760152411731,0.032126395594143334,0.0028300008418005005,0.17328269532054721,0.027116017551851064,0.15655602655853357,1.0,0.1145387495695537,0.018201647521049386,0.08342760152411731,0.08342760152411731,0.014127454135311673,0.025895253151164355,0.08342760152411731,0.0013196388840662609,1.0,0.005649080925977539,0.0028300008418005005,0.027116017551851064,0.0013196388840662609,0.032126395594143334,0.15655602655853357,0.0017428971494445336,0.23595284044554288,0.025895253151164355,0.012629973067157565,0.0028300008418005005,0.016957897844531986,0.0013196388840662609,0.0028300008418005005,0.4270415954311655,0.0593614537869084,0.18620142291646563,0.04519916453030685,0.1145387495695537,0.08342760152411731
0.06745084322656182,0.055233828680086576,0.11597983556128703,1.0,0.0006044127384611002,0.053507073698117226,0.41840054988268505,0.022100573540740368,0.11673738600867678,0.2700509230327695,0.34633573105303284,0.21232005418695685,0.055233828680086576,0.005649080925977539,0.1051984424324335,0.8798747114306378,0.06745084322656182,0.22226924166216738,0.0006044127384611002,1.0,0.21420333766198627,0.04802398215018882,0.06941540467449088,0.09632864308660817,0.22226924166216738,0.34633573105303284,0.19775941961805693,0.06941540467449088,0.21420333766198627,0.005649080925977539,0.022100573540740368,0.19775941961805693,0.03866801651335577,0.8798747114306378,0.053507073698117226,0.1051984424324335,0.06941540467449088,0.005649080925977539,0.02654727568597723,0.41840054988268505,0.19775941961805693,0.19775941961805693,0.19618971929411239,0.21232005418695685,0.19775941961805693,0.11597983556128703,0.005649080925977539,1.0,0.8798747114306378,0.1051984424324335,0.11597983556128703,0.03866801651335577,0.06941540467449088,0.08653638991608294,0.21976115229593182,0.21232005418695685,0.04802398215018882,0.8798747114306378,0.21420333766198627,0.11597983556128703,0.8798747114306378,0.06745084322656182,0.22226924166216738,0.055233828680086576,9.736549160314174e-05,0.02654727568597723,0.19775941961805693
0.01693827412795368,0.12938600577803036,0.09695660564816112,0.8798747114306378,0.0028045208072705837,0.039085961503557094,0.3072483487227869,0.041232899445336736,0.12255783799172068,0.271098954781189,0.21352249208725824,0.07261126816616299,0.12938600577803036,0.0028300008418005005,0.05008158882529507,1.0,0.01693827412795368,0.1685514018412289,0.0028045208072705837,0.8798747114306378,0.1425128239307395,0.038689857371759145,0.03401030311808902,0.13231444645702894,0.1685514018412289,0.21352249208725824,0.1279120718799598,0.03401030311808902,0.1425128239307395,0.0028300008418005005,0.041232899445336736,0.1279120718799598,0.026748644350641792,1.0,0.039085961503557094,0.05008158882529507,0.03401030311808902,0.0028300008418005005,0.003357869366621182,0.3072483487227869,0.1279120718799598,0.1279120718799598,0.32769966154197094,0.07261126816616299,0.1279120718799598,0.09695660564816112,0.0028300008418005005,0.8798747114306378,1.0,0.05008158882529507,0.09695660564816112,0.026748644350641792,0.03401030311808902,0.019375335628975688,0.17397830354683305,0.07261126816616299,0.038689857371759145,1.0,0.1425128239307395,0.09695660564816112,1.0,0.01693827412795368,0.1685514018412289,0.12938600577803036,0.017130018188824477,0.003357869366621182,0.1279120718799598
0.01384590004829219,0.1603752849637615,0.019245277653567806,0.1051984424324335,0.1336388131611068,0.4846147356389632,0.08823016837940859,0.2371931436496686,0.05434458952863986,0.3101053989830502,0.009182726781476212,0.07149619509954411,0.1603752849637615,0.027116017551851064,1.0,0.05008158882529507,0.01384590004829219,0.15667442647835678,0.1336388131611068,0.1051984424324335,0.23129192664883383,0.12719185388789184,0.05546865714126371,0.1425922589597805,0.15667442647835678,0.009182726781476212,0.07040450196302735,0.05546865714126371,0.23129192664883383,0.027116017551851064,0.2371931436496686,0.07040450196302735,0.3805136511405934,0.05008158882529507,0.4846147356389632,1.0,0.05546865714126371,0.027116017551851064,0.15145822518127122,0.08823016837940859,0.07040450196302735,0.07040450196302735,0.026254736838082264,0.07149619509954411,0.07040450196302735,0.019245277653567806,0.027116017551851064,0.1051984424324335,0.05008158882529507,1.0,0.019245277653567806,0.3805136511405934,0.05546865714126371,0.5559534855237984,0.00575847192465955,0.07149619509954411,0.12719185388789184,0.05008158882529507,0.23129192664883383,0.019245277653567806,0.05008158882529507,0.01384590004829219,0.15667442647835678,0.1603752849637615,0.14920993261011464,0.15145822518127122,0.07040450196302735
0.05025303430377139,0.09639609438649521,1.0,0.11597983556128703,0.11841820045221366,0.020932301880973038,0.021952823417500968,0.22193189487027842,0.684762517499866,0.10736652348526961,0.0022226750728573407,0.3293300156168229,0.09639609438649521,0.0013196388840662609,0.019245277653567806,0.09695660564816112,0.05025303430377139,0.3169684292010299,0.11841820045221366,0.11597983556128703,0.025521857220091544,0.19647205792600345,0.12439702251489869,0.09559370593386618,0.3169684292010299,0.0022226750728573407,0.02651081202922621,0.12439702251489869,0.025521857220091544,0.0013196388840662609,0.22193189487027842,0.02651081202922621,0.040321467174832905,0.09695660564816112,0.020932301880973038,0.019245277653567806,0.12439702251489869,0.0013196388840662609,0.1056109676688926,0.021952823417500968,0.02651081202922621,0.02651081202922621,0.011977471726330761,0.3293300156168229,0.02651081202922621,1.0,0.0013196388840662609,0.11597983556128703,0.09695660564816112,0.019245277653567806,1.0,0.040321467174832905,0.12439702251489869,0.04448475931871156,0.0003481545230612986,0.3293300156168229,0.19647205792600345,0.09695660564816112,0.025521857220091544,1.0,0.09695660564816112,0.05025303430377139,0.3169684292010299,0.09639609438649521,0.08623250742772166,0.1056109676688926,0.02651081202922621
0.056487909699933614,0.029215292880304077,0.040321467174832905,0.03866801651335577,0.01478327692910821,0.3153780914032058,0.28790236932853824,0.0689052799662838,0.15952079008914988,0.15020600197242762,0.0014875376769034252,0.04106295998912246,0.029215292880304077,0.032126395594143334,0.3805136511405934,0.026748644350641792,0.056487909699933614,0.10288524506030211,0.01478327692910821,0.03866801651335577,0.000653967536208433,0.21447597974176003,0.09763891198365907,0.015901140637294846,0.10288524506030211,0.0014875376769034252,0.005242013755357791,0.09763891198365907,0.000653967536208433,0.032126395594143334,0.0689052799662838,0.005242013755357791,1.0,0.026748644350641792,0.3153780914032058,0.3805136511405934,0.09763891198365907,0.032126395594143334,0.014856548494407953,0.28790236932853824,0.005242013755357791,0.005242013755357791,0.11953693335003641,0.04106295998912246,0.005242013755357791,0.040321467174832905,0.032126395594143334,0.03866801651335577,0.026748644350641792,0.3805136511405934,0.040321467174832905,1.0,0.09763891198365907,0.35629653835134456,0.04288378051939509,0.04106295998912246,0.21447597974176003,0.026748644350641792,0.000653967536208433,0.040321467174832905,0.026748644350641792,0.056487909699933614,0.10288524506030211,0.029215292880304077,0.0036187073628686896,0.014856548494407953,0.005242013755357791
0.7908375801596749,0.24311810094545075,0.12439702251489869,0.06941540467449088,0.11168165076163009,0.05119166285298532,0.4096745080857915,0.4779497549411589,0.18574727872371782,0.4202760462296202,0.4286470638672104,0.018966560791826542,0.24311810094545075,0.15655602655853357,0.05546865714126371,0.03401030311808902,0.7908375801596749,0.021217531790252663,0.11168165076163009,0.06941540467449088,0.007848653514053503,0.28503456067538013,1.0,0.3156655514893601,0.021217531790252663,0.4286470638672104,0.02926325732674476,1.0,0.007848653514053503,0.15655602655853357,0.4779497549411589,0.02926325732674476,0.09763891198365907,0.03401030311808902,0.05119166285298532,0.05546865714126371,1.0,0.15655602655853357,0.07549253938678849,0.4096745080857915,0.02926325732674476,0.02926325732674476,0.2884320952659502,0.018966560791826542,0.02926325732674476,0.12439702251489869,0.15655602655853357,0.06941540467449088,0.03401030311808902,0.05546865714126371,0.12439702251489869,0.09763891198365907,1.0,0.07855180579800135,0.1651241952705773,0.018966560791826542,0.28503456067538013,0.03401030311808902,0.007848653514053503,0.12439702251489869,0.03401030311808902,0.7908375801596749,0.021217531790252663,0.24311810094545075,0.17293025366014397,0.07549253938678849,0.02926325732674476
0.0213116587138568,0.13700994238614586,0.04448475931871156,0.08653638991608294,0.04342669618522476,0.1586830866538205,0.24553212945821162,0.04418218557569965,0.24091857469572572,0.09848694116055282,0.12646753226011526,0.07608889822942776,0.13700994238614586,0.0017428971494445336,0.5559534855237984,0.019375335628975688,0.0213116587138568,0.01311373971956263,0.04342669618522476,0.08653638991608294,0.2587681054961388,0.11342323623226115,0.07855180579800135,0.0003339345626521997,0.01311373971956263,0.12646753226011526,0.17123256566272363,0.07855180579800135,0.2587681054961388,0.0017428971494445336,0.04418218557569965,0.17123256566272363,0.35629653835134456,0.019375335628975688,0.1586830866538205,0.5559534855237984,0.07855180579800135,0.0017428971494445336,0.020960661830873608,0.24553212945821162,0.17123256566272363,0.17123256566272363,0.03271733525636049,0.07608889822942776,0.17123256566272363,0.04448475931871156,0.0017428971494445336,0.08653638991608294,0.019375335628975688,0.5559534855237984,0.04448475931871156,0.35629653835134456,0.07855180579800135,1.0,0.026075114109403864,0.07608889822942776,0.11342323623226115,0.019375335628975688,0.2587681054961388,0.04448475931871156,0.019375335628975688,0.0213116587138568,0.01311373971956263,0.13700994238614586,0.09111705501844164,0.020960661830873608,0.17123256566272363
0.30032356049261366,0.09594211742551861,0.0003481545230612986,0.21976115229593182,0.07755065286302495,0.10584903132627713,0.15187787294359523,0.02736455192452399,0.05349712109873671,0.3466465213437443,0.11857446892873293,0.020587912738357656,0.09594211742551861,0.23595284044554288,0.00575847192465955,0.17397830354683305,0.30032356049261366,0.1813232020806101,0.07755065286302495,0.21976115229593182,0.008345650131913046,0.10461662014404612,0.1651241952705773,0.0008897636631683317,0.1813232020806101,0.11857446892873293,0.004946248995842376,0.1651241952705773,0.008345650131913046,0.23595284044554288,0.02736455192452399,0.004946248995842376,0.04288378051939509,0.17397830354683305,0.10584903132627713,0.00575847192465955,0.1651241952705773,0.23595284044554288,0.13062874736141145,0.15187787294359523,0.004946248995842376,0.004946248995842376,0.14048543259629412,0.020587912738357656,0.004946248995842376,0.0003481545230612986,0.23595284044554288,0.21976115229593182,0.17397830354683305,0.00575847192465955,0.0003481545230612986,0.04288378051939509,0.1651241952705773,0.026075114109403864,1.0,0.020587912738357656,0.10461662014404612,0.17397830354683305,0.008345650131913046,0.0003481545230612986,0.17397830354683305,0.30032356049261366,0.1813232020806101,0.09594211742551861,0.011847628359410497,0.13062874736141145,0.004946248995842376
0.035974825323380775,0.02197362360818878,0.3293300156168229,0.21232005418695685,0.26153998953381646,0.056268456844837604,0.07609156358566185,0.03312807454357435,0.11956523116994688,0.005352297565610672,0.1977972473326621,1.0,0.02197362360818878,0.025895253151164355,0.07149619509954411,0.07261126816616299,0.035974825323380775,0.08813995659155789,0.26153998953381646,0.21232005418695685,0.10784266655438145,0.2882121291350244,0.018966560791826542,0.02987931699474347,0.08813995659155789,0.1977972473326621,0.08778253864196053,0.018966560791826542,0.10784266655438145,0.025895253151164355,0.03312807454357435,0.08778253864196053,0.04106295998912246,0.07261126816616299,0.056268456844837604,0.07149619509954411,0.018966560791826542,0.025895253151164355,0.32294414346726996,0.07609156358566185,0.08778253864196053,0.08778253864196053,0.0075132128300349,1.0,0.08778253864196053,0.3293300156168229,0.025895253151164355,0.21232005418695685,0.07261126816616299,0.07149619509954411,0.3293300156168229,0.04106295998912246,0.018966560791826542,0.07608889822942776,0.020587912738357656,1.0,0.2882121291350244,0.07261126816616299,0.10784266655438145,0.3293300156168229,0.07261126816616299,0.035974825323380775,0.08813995659155789,0.02197362360818878,0.1887470502701701,0.32294414346726996,0.08778253864196053
0.15202482941472117,0.36492344944994515,0.19647205792600345,0.04802398215018882,0.02067212005104497,0.2183394015770273,0.04858639226231509,0.23054250940151963,0.24861097909631297,0.2791973920771861,0.03253911575835522,0.2882121291350244,0.36492344944994515,0.012629973067157565,0.12719185388789184,0.038689857371759145,0.15202482941472117,0.0055002469128007285,0.02067212005104497,0.04802398215018882,0.23685119933181303,1.0,0.28503456067538013,0.08309796233614583,0.0055002469128007285,0.03253911575835522,0.2016993616719438,0.28503456067538013,0.23685119933181303,0.012629973067157565,0.23054250940151963,0.2016993616719438,0.21447597974176003,0.038689857371759145,0.2183394015770273,0.12719185388789184,0.28503456067538013,0.012629973067157565,0.0638813627396778,0.04858639226231509,0.2016993616719438,0.2016993616719438,0.11925616653199413,0.2882121291350244,0.2016993616719438,0.19647205792600345,0.012629973067157565,0.04802398215018882,0.038689857371759145,0.12719185388789184,0.19647205792600345,0.21447597974176003,0.28503456067538013,0.11342323623226115,0.10461662014404612,0.2882121291350244,1.0,0.038689857371759145,0.23685119933181303,0.19647205792600345,0.038689857371759145,0.15202482941472117,0.0055002469128007285,0.36492344944994515,0.007899619607931393,0.0638813627396778,0.2016993616719438
0.01693827412795368,0.12938600577803036,0.09695660564816112,0.8798747114306378,0.0028045208072705837,0.039085961503557094,0.3072483487227869,0.041232899445336736,0.12255783799172068,0.271098954781189,0.21352249208725824,0.07261126816616299,0.12938600577803036,0.0028300008418005005,0.05008158882529507,1.0,0.01693827412795368,0.1685514018412289,0.0028045208072705837,0.8798747114306378,0.1425128239307395,0.038689857371759145,0.03401030311808902,0.13231444645702894,0.1685514018412289,0.21352249208725824,0.1279120718799598,0.03401030311808902,0.1425128239307395,0.0028300008418005005,0.041232899445336736,0.1279120718799598,0.026748644350641792,1.0,0.039085961503557094,0.05008158882529507,0.03401030311808902,0.0028300008418005005,0.003357869366621182,0.3072483487227869,0.1279120718799598,0.1279120718799598,0.32769966154197094,0.07261126816616299,0.1279120718799598,0.09695660564816112,0.0028300008418005005,0.8798747114306378,1.0,0.05008158882529507,0.09695660564816112,0.026748644350641792,0.03401030311808902,0.019375335628975688,0.17397830354683305,0.07261126816616299,0.038689857371759145,1.0,0.1425128239307395,0.09695660564816112,1.0,0.01693827412795368,0.1685514018412289,0.12938600577803036,0.017130018188824477,0.003357869366621182,0.1279120718799598
0.013558273409067633,0.06325554433819212,0.025521857220091544,0.21420333766198627,0.10059180810515832,0.008204770230534534,0.08583145712965158,0.1876672896843515,0.026528655484966242,0.07435169383720308,0.19459443522551786,0.10784266655438145,0.06325554433819212,0.016957897844531986,0.23129192664883383,0.1425128239307395,0.013558273409067633,0.008230503055521496,0.10059180810515832,0.21420333766198627,1.0,0.23685119933181303,0.007848653514053503,0.3664320906267053,0.008230503055521496,0.19459443522551786,0.8791033944522718,0.007848653514053503,1.0,0.016957897844531986,0.1876672896843515,0.8791033944522718,0.000653967536208433,0.1425128239307395,0.008204770230534534,0.23129192664883383,0.007848653514053503,0.016957897844531986,0.013042539821634584,0.08583145712965158,0.8791033944522718,0.8791033944522718,0.007190273293255452,0.10784266655438145,0.8791033944522718,0.025521857220091544,0.016957897844531986,0.21420333766198627,0.1425128239307395,0.23129192664883383,0.025521857220091544,0.000653967536208433,0.007848653514053503,0.2587681054961388,0.008345650131913046,0.10784266655438145,0.23685119933181303,0.1425128239307395,1.0,0.025521857220091544,0.1425128239307395,0.013558273409067633,0.008230503055521496,0.06325554433819212,0.10304762169546097,0.013042539821634584,0.8791033944522718
0.05025303430377139,0.09639609438649521,1.0,0.11597983556128703,0.11841820045221366,0.020932301880973038,0.021952823417500968,0.22193189487027842,0.684762517499866,0.10736652348526961,0.0022226750728573407,0.3293300156168229,0.09639609438649521,0.0013196388840662609,0.019245277653567806,0.09695660564816112,0.05025303430377139,0.3169684292010299,0.11841820045221366,0.11597983556128703,0.025521857220091544,0.19647205792600345,0.12439702251489869,0.09559370593386618,0.3169684292010299,0.0022226750728573407,0.02651081202922621,0.12439702251489869,0.025521857220091544,0.0013196388840662609,0.22193189487027842,0.02651081202922621,0.040321467174832905,0.09695660564816112,0.020932301880973038,0.019245277653567806,0.12439702251489869,0.0013196388840662609,0.1056109676688926,0.021952823417500968,0.02651081202922621,0.02651081202922621,0.011977471726330761,0.3293300156168229,0.02651081202922621,1.0,0.0013196388840662609,0.11597983556128703,0.09695660564816112,0.019245277653567806,1.0,0.040321467174832905,0.12439702251489869,0.04448475931871156,0.0003481545230612986,0.3293300156168229,0.19647205792600345,0.09695660564816112,0.025521857220091544,1.0,0.09695660564816112,0.05025303430377139,0.3169684292010299,0.09639609438649521,0.08623250742772166,0.1056109676688926,0.02651081202922621
0.01693827412795368,0.12938600577803036,0.09695660564816112,0.8798747114306378,0.0028045208072705837,0.039085961503557094,0.3072483487227869,0.041232899445336736,0.12255783799172068,0.271098954781189,0.21352249208725824,0.07261126816616299,0.12938600577803036,0.0028300008418005005,0.05008158882529507,1.0,0.01693827412795368,0.1685514018412289,0.0028045208072705837,0.8798747114306378,0.1425128239307395,0.038689857371759145,0.03401030311808902,0.13231444645702894,0.1685514018412289,0.21352249208725824,0.1279120718799598,0.03401030311808902,0.1425128239307395,0.0028300008418005005,0.041232899445336736,0.1279120718799598,0.026748644350641792,1.0,0.039085961503557094,0.05008158882529507,0.03401030311808902,0.0028300008418005005,0.003357869366621182,0.3072483487227869,0.1279120718799598,0.1279120718799598,0.32769966154197094,0.07261126816616299,0.1279120718799598,0.09695660564816112,0.0028300008418005005,0.8798747114306378,1.0,0.05008158882529507,0.09695660564816112,0.026748644350641792,0.03401030311808902,0.019375335628975688,0.17397830354683305,0.07261126816616299,0.038689857371759145,1.0,0.1425128239307395,0.09695660564816112,1.0,0.01693827412795368,0.1685514018412289,0.12938600577803036,0.017130018188824477,0.003357869366621182,0.1279120718799598
1.0,0.19348464154724537,0.05025303430377139,0.06745084322656182,0.023009008664505174,0.06499964450850419,0.3212866597480122,0.36994928227450974,0.06981062704262611,0.42896928524075906,0.6007032426695765,0.035974825323380775,0.19348464154724537,0.4270415954311655,0.01384590004829219,0.01693827412795368,1.0,0.12670526277552696,0.023009008664505174,0.06745084322656182,0.013558273409067633,0.15202482941472117,0.7908375801596749,0.3219534594138572,0.12670526277552696,0.6007032426695765,0.06789876665020345,0.7908375801596749,0.013558273409067633,0.4270415954311655,0.36994928227450974,0.06789876665020345,0.056487909699933614,0.01693827412795368,0.06499964450850419,0.01384590004829219,0.7908375801596749,0.4270415954311655,0.1392845162547997,0.3212866597480122,0.06789876665020345,0.06789876665020345,0.07830540962094672,0.035974825323380775,0.06789876665020345,0.05025303430377139,0.4270415954311655,0.06745084322656182,0.01693827412795368,0.01384590004829219,0.05025303430377139,0.056487909699933614,0.7908375801596749,0.0213116587138568,0.30032356049261366,0.035974825323380775,0.15202482941472117,0.01693827412795368,0.013558273409067633,0.05025303430377139,0.01693827412795368,1.0,0.12670526277552696,0.19348464154724537,0.09061173528330177,0.1392845162547997,0.06789876665020345
0.12670526277552696,0.021048327594972507,0.3169684292010299,0.22226924166216738,0.033470598703437646,0.13763338308290957,0.1852468078469822,0.15749496744965782,0.21209506504989054,0.11237643820111802,0.11729080344782356,0.08813995659155789,0.021048327594972507,0.0593614537869084,0.15667442647835678,0.1685514018412289,0.12670526277552696,1.0,0.033470598703437646,0.22226924166216738,0.008230503055521496,0.0055002469128007285,0.021217531790252663,0.2017027008933616,1.0,0.11729080344782356,0.002839229341225936,0.021217531790252663,0.008230503055521496,0.0593614537869084,0.15749496744965782,0.002839229341225936,0.10288524506030211,0.1685514018412289,0.13763338308290957,0.15667442647835678,0.021217531790252663,0.0593614537869084,0.0007980830749761285,0.1852468078469822,0.002839229341225936,0.002839229341225936,0.07138055633534952,0.08813995659155789,0.002839229341225936,0.3169684292010299,0.0593614537869084,0.22226924166216738,0.1685514018412289,0.15667442647835678,0.3169684292010299,0.10288524506030211,0.021217531790252663,0.01311373971956263,0.1813232020806101,0.08813995659155789,0.0055002469128007285,0.1685514018412289,0.008230503055521496,0.3169684292010299,0.1685514018412289,0.12670526277552696,1.0,0.021048327594972507,0.03855098264399993,0.0007980830749761285,0.002839229341225936
0.19348464154724537,1.0,0.09639609438649521,0.055233828680086576,0.06565318236143215,0.04641168872659952,0.045423343076325645,0.5411460115905824,0.051498424627194374,0.16963586844120224,0.04416709590124949,0.02197362360818878,1.0,0.18620142291646563,0.1603752849637615,0.12938600577803036,0.19348464154724537,0.021048327594972507,0.06565318236143215,0.055233828680086576,0.06325554433819212,0.36492344944994515,0.24311810094545075,0.1041069265575092,0.021048327594972507,0.04416709590124949,0.024328111593915742,0.24311810094545075,0.06325554433819212,0.18620142291646563,0.5411460115905824,0.024328111593915742,0.029215292880304077,0.12938600577803036,0.04641168872659952,0.1603752849637615,0.24311810094545075,0.18620142291646563,0.015298324353330818,0.045423343076325645,0.024328111593915742,0.024328111593915742,0.17172850474370194,0.02197362360818878,0.024328111593915742,0.09639609438649521,0.18620142291646563,0.055233828680086576,0.12938600577803036,0.1603752849637615,0.09639609438649521,0.029215292880304077,0.24311810094545075,0.13700994238614586,0.09594211742551861,0.02197362360818878,0.36492344944994515,0.12938600577803036,0.06325554433819212,0.09639609438649521,0.12938600577803036,0.19348464154724537,0.021048327594972507,1.0,0.056257314368952926,0.015298324353330818,0.024328111593915742
0.09061173528330177,0.056257314368952926,0.08623250742772166,9.736549160314174e-05,0.8781360389537493,0.13778456317672372,0.12464240171462934,0.021961060875612542,0.01318956233508431,0.0969535696404583,0.16876723058550394,0.1887470502701701,0.056257314368952926,0.04519916453030685,0.14920993261011464,0.017130018188824477,0.09061173528330177,0.03855098264399993,0.8781360389537493,9.736549160314174e-05,0.10304762169546097,0.007899619607931393,0.17293025366014397,0.24791414832587297,0.03855098264399993,0.16876723058550394,0.06886803963103857,0.17293025366014397,0.10304762169546097,0.04519916453030685,0.021961060875612542,0.06886803963103857,0.0036187073628686896,0.017130018188824477,0.13778456317672372,0.14920993261011464,0.17293025366014397,0.04519916453030685,0.48689244154231953,0.12464240171462934,0.06886803963103857,0.06886803963103857,0.020127000190670645,0.1887470502701701,0.06886803963103857,0.08623250742772166,0.04519916453030685,9.736549160314174e-05,0.017130018188824477,0.14920993261011464,0.08623250742772166,0.0036187073628686896,0.17293025366014397,0.09111705501844164,0.011847628359410497,0.1887470502701701,0.007899619607931393,0.017130018188824477,0.10304762169546097,0.08623250742772166,0.017130018188824477,0.09061173528330177,0.03855098264399993,0.056257314368952926,1.0,0.48689244154231953,0.06886803963103857
0.1392845162547997,0.015298324353330818,0.1056109676688926,0.02654727568597723,0.2693962851005789,0.03442943128573262,0.011210210721065626,0.012583304142374734,0.03136314234276301,0.09610882274659713,0.20803890696068422,0.32294414346726996,0.015298324353330818,0.1145387495695537,0.15145822518127122,0.003357869366621182,0.1392845162547997,0.0007980830749761285,0.2693962851005789,0.02654727568597723,0.013042539821634584,0.0638813627396778,0.07549253938678849,0.02169558843149558,0.0007980830749761285,0.20803890696068422,0.08853761425598397,0.07549253938678849,0.013042539821634584,0.1145387495695537,0.012583304142374734,0.08853761425598397,0.014856548494407953,0.003357869366621182,0.03442943128573262,0.15145822518127122,0.07549253938678849,0.1145387495695537,1.0,0.011210210721065626,0.08853761425598397,0.08853761425598397,0.10184733593461234,0.32294414346726996,0.08853761425598397,0.1056109676688926,0.1145387495695537,0.02654727568597723,0.003357869366621182,0.15145822518127122,0.1056109676688926,0.014856548494407953,0.07549253938678849,0.020960661830873608,0.13062874736141145,0.32294414346726996,0.0638813627396778,0.003357869366621182,0.013042539821634584,0.1056109676688926,0.003357869366621182,0.1392845162547997,0.0007980830749761285,0.015298324353330818,0.48689244154231953,1.0,0.08853761425598397
0.06789876665020345,0.024328111593915742,0.02651081202922621,0.19775941961805693,0.048383049839227824,0.0002556914086376825,0.10016679656184536,0.1648973919270725,0.007550452223617531,0.027733864612609932,0.4084235244750532,0.08778253864196053,0.024328111593915742,0.08342760152411731,0.07040450196302735,0.1279120718799598,0.06789876665020345,0.002839229341225936,0.048383049839227824,0.19775941961805693,0.8791033944522718,0.2016993616719438,0.02926325732674476,0.29778431933049093,0.002839229341225936,0.4084235244750532,1.0,0.02926325732674476,0.8791033944522718,0.08342760152411731,0.1648973919270725,1.0,0.005242013755357791,0.1279120718799598,0.0002556914086376825,0.07040450196302735,0.02926325732674476,0.08342760152411731,0.08853761425598397,0.10016679656184536,1.0,1.0,0.03709319324025775,0.08778253864196053,1.0,0.02651081202922621,0.08342760152411731,0.19775941961805693,0.1279120718799598,0.07040450196302735,0.02651081202922621,0.005242013755357791,0.02926325732674476,0.17123256566272363,0.004946248995842376,0.08778253864196053,0.2016993616719438,0.1279120718799598,0.8791033944522718,0.02651081202922621,0.1279120718799598,0.06789876665020345,0.002839229341225936,0.024328111593915742,0.06886803963103857,0.08853761425598397,1.0
